0.013308
0.0135316
0.0109595
0.0109595
0.0114068
0.0105122
0.0116305
0.0143145
0.015321
0.0140908
0.0142026
0.0130843
0.0121897
0.0138671
0.0143145
0.0143145
0.0136435
0.0111832
0.0118542
0.0142026
0.0150973
0.0136435
0.00972937
0.0073809
0.00749273
0.00816372
0.0101767
0.010624
0.0101767
0.0109595
0.0120778
0.0135316
0.012637
0.0124133
0.0142026
0.0124133
0.00939387
0.011966
0.0107359
0.00838739
0.0104004
0.0117423
0.0127488
0.0128607
0.013979
0.0129725
0.0117423
0.0115187
0.0117423
0.0137553
0.013979
0.0135316
0.0158801
0.0216954
0.0190114
0.0144263
0.0130843
0.0135316
0.0142026
0.0115187
0.0123015
0.0125252
0.0107359
0.011966
0.0134198
0.0123015
0.0138671
0.0143145
0.0121897
0.00972937
0.0107359
0.0144263
0.013979
0.0116305
0.0114068
0.012637
0.0130843
0.0137553
0.0128607
0.011295
0.0107359
0.00972937
0.0120778
0.0147618
0.0150973
0.0144263
0.0130843
0.013979
0.0137553
0.0120778
0.0129725
0.0127488
0.0127488
0.0135316
0.0117423
0.0108477
0.0125252
0.0143145
0.0138671
0.0142026
0.0142026
0.0129725
0.0127488
0.0128607
0.0124133
0.0115187
0.0124133
0.0121897
0.0109595
0.011295
0.0110713
0.0117423
0.012637
0.0134198
0.0131962
0.0123015
0.0144263
0.0177813
0.0188996
0.0210244
0.0227019
0.0237083
0.0270633
0.026616
0.0176694
0.00805189
0.00637441
0.00827555
0.00872288
0.00771639
0.00693357
0.00760456
0.00917021
0.00905838
0.00861105
0.00961754
0.00894654
0.00726907
0.00659808
0.0045851
0.00223664
0.00257213
0.00257213
0.00190114
0.0024603
0.00503243
0.0073809
0.00861105
0.00928204
0.00928204
0.00894654
0.00816372
0.00715724
0.00570342
0.00380228
0.00301946
0.00313129
0.00335495
0.00424961
0.00615075
0.0073809
0.00782823
0.00849922
0.00849922
0.00805189
0.00794006
0.00715724
0.00659808
0.0070454
0.00570342
0.00391411
0.00391411
0.00402594
0.00346679
0.00313129
0.00391411
0.00592709
0.00626258
0.00682174
0.00715724
0.00726907
0.00816372
0.00972937
0.010624
0.011966
0.0118542
0.0101767
0.00917021
0.0110713
0.011966
0.00928204
0.0107359
0.0117423
0.00838739
0.00838739
0.0123015
0.0142026
0.0150973
0.0149855
0.0136435
0.0137553
0.0101767
0.0045851
0.00480877
0.00603892
0.0045851
0.00402594
0.00469694
0.00480877
0.00503243
0.00380228
0.0021248
0.00190114
0.00190114
0.00514426
0.0204652
0.0313129
0.0305301
0.0308656
0.0309774
0.0220309
0.00894654
0.00402594
0.00290763
0.0024603
0.0021248
0.00335495
0.00503243
0.00503243
0.00324312
0.00190114
0.00190114
0.0021248
0.00391411
0.00559159
0.00424961
0.00402594
0.0049206
0.00503243
0.00447327
0.00424961
0.0049206
0.00391411
0.00369045
0.00570342
0.0049206
0.00301946
0.00525609
0.00749273
0.00749273
0.00749273
0.00592709
0.00380228
0.00715724
0.0129725
0.0168866
0.0176694
0.0186759
0.0193469
0.0116305
0.00626258
0.00816372
0.00894654
0.0073809
0.00503243
0.00570342
0.00637441
0.00615075
0.00514426
0.00335495
0.00268396
0.00257213
0.00257213
0.0024603
0.00201297
0.00234847
0.0108477
0.0237083
0.0173339
0.00626258
0.00581525
0.00469694
0.00514426
0.00547976
0.00559159
0.00503243
0.00346679
0.00380228
0.00391411
0.00536793
0.00827555
0.00894654
0.00928204
0.00928204
0.00928204
0.00883471
0.00559159
0.00290763
0.00290763
0.0027958
0.00447327
0.00559159
0.00447327
0.00413778
0.00313129
0.00391411
0.00592709
0.00514426
0.00346679
0.00480877
0.00693357
0.00615075
0.00659808
0.00648624
0.00782823
0.00805189
0.00413778
0.00581525
0.00939387
0.00928204
0.0120778
0.0163274
0.0134198
0.00849922
0.00861105
0.00570342
0.00167748
0.00223664
0.00324312
0.00391411
0.00559159
0.00503243
0.00313129
0.00335495
0.0070454
0.0136435
0.0180049
0.0169984
0.0105122
0.00715724
0.00861105
0.00861105
0.00794006
0.0073809
0.00626258
0.0045851
0.00514426
0.00760456
0.0101767
0.011966
0.0134198
0.0140908
0.0125252
0.0098412
0.00805189
0.00827555
0.00816372
0.00771639
0.00715724
0.00648624
0.00559159
0.00357862
0.00290763
0.00380228
0.00559159
0.00648624
0.00536793
0.00480877
0.00480877
0.00581525
0.00682174
0.00637441
0.00626258
0.00615075
0.00637441
0.00760456
0.00883471
0.00872288
0.00849922
0.0108477
0.0120778
0.0123015
0.0136435
0.0138671
0.0129725
0.012637
0.0118542
0.0115187
0.011295
0.0124133
0.0125252
0.0107359
0.0121897
0.0131962
0.0121897
0.010624
0.010624
0.0125252
0.0116305
0.0102885
0.0125252
0.0167748
0.0174458
0.0155446
0.01465
0.0134198
0.012637
0.011966
0.0118542
0.0124133
0.0120778
0.0121897
0.0118542
0.0120778
0.012637
0.0125252
0.0121897
0.0116305
0.0118542
0.0115187
0.0121897
0.0124133
0.0116305
0.0117423
0.0120778
0.0115187
0.0108477
0.0108477
0.0108477
0.011295
0.0110713
0.0110713
0.0120778
0.0127488
0.0149855
0.015321
0.0127488
0.0123015
0.00838739
0.00335495
0.00447327
0.00872288
0.0114068
0.011966
0.0115187
0.0095057
0.00570342
0.00324312
0.00290763
0.00380228
0.0045851
0.00402594
0.00424961
0.00447327
0.00380228
0.00257213
0.00178931
0.00369045
0.0110713
0.0164393
0.0100649
0.00536793
0.00805189
0.00838739
0.00726907
0.00626258
0.0049206
0.00402594
0.00447327
0.00615075
0.00659808
0.00480877
0.00391411
0.00424961
0.00413778
0.00357862
0.0045851
0.0181168
0.0363453
0.0429434
0.0435026
0.0424961
0.0282934
0.00939387
0.00268396
0.00190114
0.00190114
0.00178931
0.00190114
0.00178931
0.00190114
0.00391411
0.010624
0.0154328
0.015321
0.011295
0.0049206
0.00380228
0.0045851
0.00469694
0.00536793
0.00547976
0.00536793
0.00436144
0.00290763
0.00201297
0.00190114
0.00190114
0.00201297
0.0024603
0.00223664
0.00178931
0.00178931
0.00190114
0.00391411
0.00559159
0.00469694
0.00313129
0.00301946
0.00391411
0.00424961
0.0049206
0.00469694
0.0049206
0.00648624
0.00570342
0.00436144
0.00346679
0.00402594
0.00436144
0.0027958
0.0024603
0.00268396
0.0027958
0.0027958
0.0024603
0.00201297
0.0021248
0.00324312
0.00313129
0.00313129
0.00357862
0.00301946
0.00234847
0.00201297
0.00424961
0.0073809
0.00939387
0.00972937
0.0101767
0.0104004
0.0095057
0.00592709
0.00357862
0.00436144
0.00424961
0.0049206
0.00615075
0.00670991
0.00603892
0.00447327
0.00346679
0.00313129
0.00313129
0.00268396
0.00402594
0.0105122
0.00939387
0.00346679
0.0045851
0.00436144
0.00301946
0.00357862
0.00357862
0.00301946
0.00715724
0.0193469
0.0289644
0.0303064
0.0317602
0.0327667
0.0204652
0.00659808
0.00480877
0.00547976
0.00547976
0.00547976
0.00603892
0.00570342
0.00480877
0.00693357
0.00894654
0.0073809
0.00570342
0.00659808
0.0073809
0.00715724
0.00827555
0.00861105
0.00816372
0.00816372
0.0098412
0.0111832
0.0115187
0.0114068
0.0110713
0.0110713
0.0114068
0.0105122
0.00849922
0.00659808
0.00693357
0.010624
0.0127488
0.0114068
0.0108477
0.0114068
0.00749273
0.00436144
0.00413778
0.00346679
0.00369045
0.00301946
0.00190114
0.00201297
0.00402594
0.0073809
0.00883471
0.00883471
0.00883471
0.00872288
0.0073809
0.00547976
0.00391411
0.00324312
0.00324312
0.00324312
0.00313129
0.00324312
0.00346679
0.0027958
0.00190114
0.00167748
0.00178931
0.00503243
0.0125252
0.0111832
0.00413778
0.00413778
0.00436144
0.0027958
0.00313129
0.00369045
0.0045851
0.00503243
0.00380228
0.0024603
0.00592709
0.0203534
0.036569
0.0420488
0.0384701
0.0188996
0.00469694
0.00782823
0.00805189
0.00603892
0.00313129
0.00190114
0.0021248
0.00257213
0.00268396
0.0024603
0.00223664
0.00380228
0.00514426
0.00436144
0.00346679
0.00883471
0.0197942
0.0324312
0.0314247
0.0129725
0.00581525
0.00872288
0.00849922
0.00749273
0.00447327
0.00771639
0.0163274
0.0205771
0.0216954
0.0147618
0.00525609
0.00268396
0.0027958
0.00268396
0.00268396
0.00928204
0.0181168
0.0218072
0.0248267
0.0228137
0.0196824
0.0124133
0.00413778
0.00335495
0.0024603
0.00201297
0.00436144
0.00480877
0.00268396
0.00268396
0.00268396
0.00268396
0.00290763
0.00357862
0.00447327
0.00682174
0.010624
0.0154328
0.0211362
0.0238202
0.0215835
0.0203534
0.0124133
0.00335495
0.00380228
0.00391411
0.00346679
0.00346679
0.00324312
0.00335495
0.00290763
0.0024603
0.00257213
0.00324312
0.00357862
0.00290763
0.00223664
0.00178931
0.00167748
0.00290763
0.00335495
0.00391411
0.00469694
0.00357862
0.00369045
0.0045851
0.00592709
0.00760456
0.00749273
0.00693357
0.00861105
0.00827555
0.00872288
0.0109595
0.00838739
0.0105122
0.012637
0.0131962
0.0145381
0.0127488
0.0127488
0.013308
0.0143145
0.0138671
0.0117423
0.0109595
0.0125252
0.0121897
0.0108477
0.0110713
0.0108477
0.0109595
0.010624
0.0105122
0.0111832
0.0102885
0.0105122
0.0123015
0.0115187
0.0107359
0.0136435
0.0135316
0.0111832
0.0098412
0.0105122
0.0121897
0.0178931
0.0251622
0.0168866
0.00715724
0.00637441
0.00592709
0.00592709
0.00525609
0.00436144
0.00514426
0.00603892
0.00480877
0.00369045
0.0145381
0.0322076
0.0394766
0.0322076
0.0135316
0.00436144
0.0070454
0.0073809
0.00525609
0.00413778
0.0109595
0.0223664
0.027287
0.0258331
0.0193469
0.00883471
0.00290763
0.00313129
0.00357862
0.0108477
0.0227019
0.0229255
0.0197942
0.0191232
0.0115187
0.00581525
0.00749273
0.00760456
0.00503243
0.00447327
0.00816372
0.00838739
0.00503243
0.00514426
0.00603892
0.00615075
0.00559159
0.00447327
0.00380228
0.00357862
0.00357862
0.00380228
0.00357862
0.00402594
0.00514426
0.00637441
0.00771639
0.00816372
0.00771639
0.00693357
0.00592709
0.00536793
0.00603892
0.00626258
0.00659808
0.00682174
0.00827555
0.00849922
0.00726907
0.00726907
0.00693357
0.00592709
0.00402594
0.00346679
0.00268396
0.00234847
0.0027958
0.00436144
0.00872288
0.00894654
0.00648624
0.00603892
0.00436144
0.00290763
0.00290763
0.00424961
0.00749273
0.0110713
0.011295
0.010624
0.00883471
0.00559159
0.00447327
0.00939387
0.0176694
0.0208007
0.0215835
0.0152091
0.00626258
0.00369045
0.00357862
0.00570342
0.00760456
0.00805189
0.00771639
0.00615075
0.00603892
0.00469694
0.00268396
0.00369045
0.00480877
0.00581525
0.00726907
0.00693357
0.00570342
0.00391411
0.00301946
0.00357862
0.00369045
0.00391411
0.00536793
0.00659808
0.00615075
0.00771639
0.00816372
0.00536793
0.00380228
0.00436144
0.00659808
0.00827555
0.00849922
0.00872288
0.00861105
0.0070454
0.00380228
0.00547976
0.0115187
0.0159919
0.0182286
0.0176694
0.0182286
0.0182286
0.0186759
0.0173339
0.00995303
0.00402594
0.00290763
0.00290763
0.00290763
0.00335495
0.00380228
0.00391411
0.00380228
0.00391411
0.00402594
0.00391411
0.00615075
0.0070454
0.00570342
0.00570342
0.0049206
0.00715724
0.00782823
0.00547976
0.00514426
0.00480877
0.00480877
0.0188996
0.0377992
0.0364572
0.0173339
0.00693357
0.00883471
0.00771639
0.0070454
0.00514426
0.00648624
0.0171103
0.0307537
0.0382465
0.0416014
0.0435026
0.0389175
0.0200179
0.0073809
0.00794006
0.00559159
0.0045851
0.00369045
0.0049206
0.0049206
0.00313129
0.00335495
0.00301946
0.00268396
0.00290763
0.00301946
0.00469694
0.00715724
0.00782823
0.00715724
0.0045851
0.0027958
0.00223664
0.00167748
0.00145381
0.00145381
0.00536793
0.0258331
0.0405949
0.038582
0.0289644
0.0129725
0.00592709
0.00402594
0.00313129
0.00357862
0.00402594
0.00447327
0.00480877
0.0045851
0.00581525
0.00503243
0.0024603
0.00301946
0.00480877
0.00436144
0.00290763
0.00536793
0.00648624
0.00592709
0.00861105
0.00827555
0.00626258
0.00536793
0.00670991
0.0100649
0.0101767
0.00995303
0.0109595
0.0115187
0.00972937
0.00928204
0.0110713
0.0104004
0.0107359
0.0111832
0.0121897
0.0136435
0.013979
0.013308
0.0137553
0.0148736
0.0128607
0.0129725
0.0123015
0.0104004
0.0125252
0.0129725
0.0123015
0.0115187
0.0109595
0.0115187
0.0130843
0.0130843
0.0117423
0.0123015
0.0109595
0.011295
0.0124133
0.011966
0.0127488
0.0121897
0.011295
0.0120778
0.0127488
0.011966
0.0107359
0.0123015
0.0147618
0.0120778
0.00928204
0.00972937
0.0095057
0.00917021
0.00637441
0.00301946
0.00257213
0.00928204
0.0193469
0.0209125
0.0200179
0.013308
0.0049206
0.00424961
0.00424961
0.00570342
0.0114068
0.0203534
0.0258331
0.025274
0.0240438
0.0241557
0.0142026
0.00402594
0.00335495
0.00290763
0.00290763
0.0073809
0.0136435
0.0144263
0.00861105
0.00447327
0.00592709
0.00648624
0.00536793
0.00346679
0.00234847
0.0045851
0.011966
0.0180049
0.0204652
0.0203534
0.0145381
0.00883471
0.00805189
0.00883471
0.00849922
0.00760456
0.00726907
0.00659808
0.00670991
0.0070454
0.00715724
0.00659808
0.00592709
0.00626258
0.00670991
0.00760456
0.00816372
0.00849922
0.00849922
0.00894654
0.00995303
0.00995303
0.0100649
0.010624
0.0109595
0.0111832
0.010624
0.0104004
0.010624
0.0100649
0.00972937
0.00972937
0.00939387
0.0117423
0.0253858
0.039253
0.0430552
0.0445091
0.0456274
0.0454037
0.0300828
0.011966
0.00905838
0.00749273
0.00615075
0.0045851
0.00346679
0.0045851
0.00536793
0.00603892
0.00547976
0.00480877
0.00447327
0.0045851
0.00559159
0.00603892
0.00480877
0.00346679
0.00346679
0.0024603
0.00201297
0.00391411
0.0108477
0.0124133
0.00760456
0.00581525
0.00424961
0.00536793
0.0157683
0.025945
0.021919
0.0114068
0.00637441
0.00525609
0.00447327
0.00525609
0.0045851
0.00335495
0.00357862
0.00335495
0.00257213
0.00268396
0.00290763
0.00301946
0.0027958
0.00369045
0.00391411
0.0027958
0.00268396
0.0027958
0.00313129
0.00335495
0.00469694
0.00559159
0.00313129
0.00178931
0.0021248
0.00447327
0.00827555
0.00928204
0.00894654
0.00928204
0.0102885
0.010624
0.0095057
0.0070454
0.00424961
0.00324312
0.00469694
0.00525609
0.00503243
0.00514426
0.00570342
0.00637441
0.00637441
0.00682174
0.00648624
0.00581525
0.00726907
0.00838739
0.00794006
0.00961754
0.0102885
0.0104004
0.011295
0.011295
0.0100649
0.0095057
0.0101767
0.0108477
0.0115187
0.0108477
0.010624
0.00905838
0.00894654
0.00995303
0.0109595
0.0118542
0.010624
0.0104004
0.0118542
0.013979
0.00849922
0.0024603
0.00290763
0.00514426
0.00760456
0.00771639
0.0073809
0.00670991
0.00447327
0.00413778
0.00928204
0.0145381
0.0157683
0.0158801
0.0152091
0.00928204
0.00424961
0.00413778
0.00536793
0.00905838
0.0233728
0.0388056
0.0423843
0.0373518
0.0172221
0.00268396
0.00301946
0.00369045
0.00324312
0.00190114
0.00178931
0.00190114
0.00190114
0.00525609
0.0162156
0.0249385
0.0227019
0.0124133
0.00469694
0.00447327
0.00682174
0.00805189
0.00726907
0.0073809
0.0073809
0.00547976
0.00391411
0.00357862
0.0027958
0.00290763
0.00391411
0.00357862
0.00391411
0.00670991
0.00626258
0.00592709
0.00782823
0.00917021
0.010624
0.0108477
0.011295
0.0115187
0.0115187
0.0118542
0.0115187
0.0124133
0.012637
0.0123015
0.0114068
0.00928204
0.00905838
0.0131962
0.0166629
0.0193469
0.0233728
0.0273988
0.0270633
0.0265041
0.021919
0.0129725
0.00838739
0.00816372
0.0183404
0.0304183
0.0346679
0.021919
0.00816372
0.00447327
0.0021248
0.00257213
0.0117423
0.0237083
0.0292999
0.0275106
0.0136435
0.00503243
0.00559159
0.0049206
0.00413778
0.00413778
0.00592709
0.0117423
0.0107359
0.00480877
0.00581525
0.00592709
0.00424961
0.00469694
0.00715724
0.0098412
0.0123015
0.011966
0.00670991
0.00413778
0.00402594
0.00223664
0.00536793
0.0150973
0.0205771
0.0184522
0.0165511
0.0108477
0.00413778
0.00357862
0.00581525
0.0159919
0.0278461
0.0180049
0.00436144
0.00637441
0.00849922
0.00849922
0.00816372
0.00670991
0.00480877
0.00290763
0.00503243
0.0101767
0.011966
0.0124133
0.0120778
0.0142026
0.0158801
0.00894654
0.00346679
0.00335495
0.00335495
0.00335495
0.00380228
0.00424961
0.00369045
0.00313129
0.0027958
0.00447327
0.0073809
0.00805189
0.00771639
0.00771639
0.00682174
0.00659808
0.00726907
0.00771639
0.00637441
0.00615075
0.00648624
0.00559159
0.00514426
0.00503243
0.00615075
0.00570342
0.00670991
0.00928204
0.00961754
0.00928204
0.0098412
0.0101767
0.0100649
0.010624
0.0107359
0.00995303
0.0102885
0.011966
0.0131962
0.0129725
0.011966
0.0116305
0.011295
0.0116305
0.012637
0.0134198
0.0134198
0.0127488
0.0110713
0.00905838
0.0101767
0.0147618
0.010624
0.00413778
0.00480877
0.00413778
0.00290763
0.00380228
0.00648624
0.00894654
0.00917021
0.00615075
0.00335495
0.00413778
0.00503243
0.0045851
0.00357862
0.00615075
0.0164393
0.0265041
0.0244912
0.0186759
0.015321
0.0121897
0.00827555
0.00648624
0.00771639
0.00827555
0.00749273
0.00626258
0.00626258
0.00670991
0.00659808
0.00682174
0.0073809
0.00659808
0.00603892
0.00559159
0.00402594
0.00335495
0.00301946
0.00290763
0.00324312
0.00324312
0.0027958
0.00223664
0.00190114
0.00178931
0.0027958
0.0049206
0.0073809
0.00603892
0.00324312
0.00369045
0.00335495
0.00346679
0.00402594
0.0049206
0.00637441
0.00525609
0.00357862
0.0027958
0.00335495
0.00626258
0.00816372
0.00659808
0.00424961
0.00301946
0.00290763
0.00335495
0.00290763
0.00234847
0.00268396
0.00592709
0.00928204
0.00995303
0.0098412
0.0101767
0.00894654
0.00670991
0.00626258
0.00693357
0.00682174
0.00682174
0.00693357
0.00648624
0.00670991
0.00771639
0.00883471
0.00805189
0.0070454
0.00693357
0.00693357
0.00682174
0.00626258
0.00626258
0.00872288
0.00872288
0.00771639
0.00917021
0.00939387
0.0098412
0.0104004
0.0105122
0.0125252
0.0124133
0.0104004
0.010624
0.0115187
0.010624
0.00928204
0.00995303
0.011966
0.012637
0.0129725
0.0124133
0.0120778
0.0117423
0.011295
0.0118542
0.0118542
0.0123015
0.0120778
0.0117423
0.011295
0.0118542
0.0129725
0.0127488
0.0110713
0.0104004
0.0118542
0.011966
0.0109595
0.0108477
0.0128607
0.0121897
0.00972937
0.0127488
0.01465
0.0135316
0.0114068
0.0120778
0.0135316
0.0137553
0.0168866
0.0176694
0.015321
0.012637
0.0114068
0.0114068
0.0156565
0.0166629
0.012637
0.00782823
0.00525609
0.00536793
0.00391411
0.00290763
0.00648624
0.0164393
0.0222545
0.0183404
0.00917021
0.00380228
0.00447327
0.00402594
0.00313129
0.00424961
0.00928204
0.0105122
0.00693357
0.00525609
0.00346679
0.00369045
0.00424961
0.00324312
0.00290763
0.00335495
0.00357862
0.00514426
0.00917021
0.00939387
0.00670991
0.00369045
0.00335495
0.0120778
0.0223664
0.0265041
0.0169984
0.00503243
0.00313129
0.00335495
0.00391411
0.00503243
0.00514426
0.00402594
0.00324312
0.00313129
0.0024603
0.00223664
0.00346679
0.00592709
0.00771639
0.00693357
0.00480877
0.00369045
0.00637441
0.0105122
0.0108477
0.00939387
0.0104004
0.0110713
0.0102885
0.0098412
0.00917021
0.00883471
0.00861105
0.00838739
0.0073809
0.00659808
0.00794006
0.00749273
0.0045851
0.00268396
0.00268396
0.00290763
0.00290763
0.00290763
0.00313129
0.00346679
0.00301946
0.00223664
0.0021248
0.00190114
0.00178931
0.0045851
0.0105122
0.0147618
0.0143145
0.0115187
0.0073809
0.00480877
0.00514426
0.00447327
0.00335495
0.00234847
0.00301946
0.00469694
0.0045851
0.00480877
0.00570342
0.00626258
0.00615075
0.00626258
0.00536793
0.00335495
0.0150973
0.0334377
0.0229255
0.00626258
0.00659808
0.00559159
0.00413778
0.00424961
0.00424961
0.00346679
0.00313129
0.00313129
0.00335495
0.00335495
0.00313129
0.00357862
0.00447327
0.0175576
0.0347797
0.027958
0.0108477
0.00693357
0.00861105
0.00827555
0.00827555
0.0073809
0.00480877
0.00324312
0.00782823
0.0147618
0.0176694
0.0214717
0.0238202
0.0230374
0.0235965
0.0222545
0.021919
0.0148736
0.00536793
0.00503243
0.00559159
0.00693357
0.00883471
0.0101767
0.00872288
0.00682174
0.0073809
0.00771639
0.00760456
0.0070454
0.00670991
0.00659808
0.00682174
0.00816372
0.00838739
0.00805189
0.00883471
0.00883471
0.00928204
0.0101767
0.0104004
0.0104004
0.0110713
0.0109595
0.0100649
0.0104004
0.0107359
0.0107359
0.0104004
0.010624
0.0117423
0.0110713
0.011966
0.0137553
0.0135316
0.0134198
0.013308
0.012637
0.0120778
0.012637
0.0116305
0.0100649
0.011295
0.013308
0.013308
0.0128607
0.0115187
0.0118542
0.0129725
0.0137553
0.0144263
0.0180049
0.0237083
0.0242675
0.0128607
0.00391411
0.00525609
0.00760456
0.00961754
0.00726907
0.00592709
0.00659808
0.00749273
0.00838739
0.00883471
0.00872288
0.00682174
0.00436144
0.00536793
0.0111832
0.0161038
0.0176694
0.0144263
0.00760456
0.00480877
0.00559159
0.00503243
0.00626258
0.0233728
0.0414896
0.0450682
0.0383583
0.0167748
0.00413778
0.0073809
0.00715724
0.00424961
0.00268396
0.00201297
0.00190114
0.00290763
0.00503243
0.00514426
0.00749273
0.0100649
0.00972937
0.0095057
0.00961754
0.00995303
0.0095057
0.00894654
0.00894654
0.00939387
0.00939387
0.00905838
0.00794006
0.00603892
0.00503243
0.0045851
0.00413778
0.00424961
0.00424961
0.00357862
0.00324312
0.00257213
0.00167748
0.00156565
0.00547976
0.0182286
0.0213599
0.0102885
0.00514426
0.00413778
0.00335495
0.00380228
0.0070454
0.0098412
0.00917021
0.00547976
0.00234847
0.00223664
0.00201297
0.00436144
0.0197942
0.0375755
0.0442854
0.0455155
0.0408186
0.0222545
0.00872288
0.00570342
0.00201297
0.00190114
0.00234847
0.00301946
0.00324312
0.00301946
0.0027958
0.0027958
0.00257213
0.00190114
0.00145381
0.00145381
0.00324312
0.00749273
0.0105122
0.00760456
0.00380228
0.00693357
0.0108477
0.00693357
0.00268396
0.00290763
0.00223664
0.00178931
0.0024603
0.00234847
0.00167748
0.00156565
0.00391411
0.0095057
0.00939387
0.00447327
0.00335495
0.00324312
0.00335495
0.00805189
0.0182286
0.025945
0.0267278
0.0162156
0.00726907
0.00838739
0.00883471
0.00794006
0.00581525
0.00335495
0.00234847
0.00346679
0.00637441
0.00794006
0.00883471
0.00939387
0.0098412
0.0101767
0.0098412
0.00615075
0.00413778
0.00559159
0.00659808
0.00715724
0.0070454
0.00670991
0.00615075
0.00648624
0.00581525
0.00514426
0.00570342
0.00570342
0.00559159
0.00581525
0.00615075
0.00805189
0.0098412
0.00972937
0.00939387
0.00961754
0.0102885
0.010624
0.0111832
0.0114068
0.0108477
0.0110713
0.0109595
0.0115187
0.010624
0.0101767
0.0121897
0.0136435
0.0130843
0.00995303
0.00760456
0.0148736
0.0323194
0.0285171
0.0110713
0.00838739
0.00928204
0.00838739
0.0049206
0.00805189
0.0182286
0.0261686
0.0285171
0.0155446
0.0070454
0.00939387
0.00972937
0.0098412
0.00670991
0.00324312
0.0021248
0.00234847
0.00380228
0.00626258
0.00715724
0.00603892
0.00369045
0.00190114
0.00178931
0.00167748
0.0024603
0.00670991
0.0073809
0.00570342
0.00603892
0.00615075
0.0070454
0.0143145
0.023932
0.0261686
0.0280698
0.0289644
0.0166629
0.00480877
0.00346679
0.00301946
0.00313129
0.00313129
0.00391411
0.0130843
0.0237083
0.0280698
0.0322076
0.0312011
0.0195706
0.00805189
0.00503243
0.00536793
0.00469694
0.00357862
0.00346679
0.00346679
0.00301946
0.00223664
0.00190114
0.00190114
0.00178931
0.00178931
0.00201297
0.0024603
0.00391411
0.00480877
0.00313129
0.00178931
0.00178931
0.00324312
0.0070454
0.00883471
0.00883471
0.0095057
0.0098412
0.00816372
0.00570342
0.00603892
0.0095057
0.00995303
0.00559159
0.00335495
0.00480877
0.00838739
0.00872288
0.00682174
0.00659808
0.00592709
0.00592709
0.00559159
0.00402594
0.00313129
0.00257213
0.00223664
0.00413778
0.00637441
0.00726907
0.00816372
0.00726907
0.0045851
0.00290763
0.00190114
0.00190114
0.00547976
0.0098412
0.00872288
0.00615075
0.00469694
0.00447327
0.0180049
0.0328786
0.0326549
0.0284053
0.0250503
0.0152091
0.00503243
0.00402594
0.00369045
0.00301946
0.00369045
0.00603892
0.00536793
0.00447327
0.00771639
0.00827555
0.00749273
0.00581525
0.00380228
0.00346679
0.00313129
0.0027958
0.00637441
0.0134198
0.0183404
0.0193469
0.0181168
0.0143145
0.00726907
0.00369045
0.00514426
0.00503243
0.00346679
0.00234847
0.0021248
0.00223664
0.0024603
0.00268396
0.00480877
0.00749273
0.00827555
0.00794006
0.0073809
0.00648624
0.00447327
0.00290763
0.0024603
0.00581525
0.011295
0.0163274
0.0156565
0.0100649
0.00514426
0.00257213
0.00301946
0.00324312
0.00335495
0.0027958
0.0024603
0.00257213
0.00268396
0.00223664
0.00167748
0.00145381
0.00190114
0.0027958
0.00268396
0.0024603
0.00234847
0.0021248
0.00346679
0.00346679
0.00313129
0.00514426
0.0070454
0.00726907
0.00782823
0.00849922
0.0108477
0.0109595
0.00894654
0.00995303
0.010624
0.0101767
0.0110713
0.0145381
0.0148736
0.0098412
0.00872288
0.010624
0.0101767
0.0124133
0.0196824
0.021919
0.0173339
0.0150973
0.0131962
0.0120778
0.0137553
0.013979
0.0120778
0.010624
0.0102885
0.0114068
0.0116305
0.0111832
0.0109595
0.0108477
0.0110713
0.0125252
0.0135316
0.0123015
0.011966
0.0125252
0.011966
0.00749273
0.00301946
0.00357862
0.0049206
0.0073809
0.0095057
0.00894654
0.00749273
0.00514426
0.00391411
0.00369045
0.00380228
0.00335495
0.0045851
0.00592709
0.00525609
0.00514426
0.00402594
0.00234847
0.00201297
0.00257213
0.00659808
0.0178931
0.0233728
0.0142026
0.00603892
0.00480877
0.00424961
0.00894654
0.0162156
0.0199061
0.0183404
0.00939387
0.00648624
0.00939387
0.00905838
0.0070454
0.00380228
0.00223664
0.00715724
0.0148736
0.0194587
0.0188996
0.0104004
0.00413778
0.0049206
0.00626258
0.00626258
0.00581525
0.00469694
0.00290763
0.0024603
0.00670991
0.0142026
0.0178931
0.0164393
0.0114068
0.00637441
0.00615075
0.00603892
0.00391411
0.00268396
0.013979
0.0322076
0.0403713
0.0375755
0.0221427
0.00939387
0.00894654
0.00972937
0.00894654
0.00794006
0.00637441
0.00592709
0.0098412
0.0140908
0.015321
0.0168866
0.0192351
0.0210244
0.0209125
0.0196824
0.013979
0.00637441
0.00380228
0.00335495
0.00346679
0.00369045
0.00346679
0.00391411
0.00369045
0.0027958
0.00290763
0.00369045
0.00402594
0.00402594
0.00391411
0.00592709
0.00670991
0.00413778
0.00257213
0.00335495
0.00693357
0.0070454
0.00670991
0.00995303
0.010624
0.00894654
0.00805189
0.00995303
0.0114068
0.011295
0.0109595
0.0108477
0.0111832
0.0110713
0.0114068
0.0121897
0.012637
0.0134198
0.0144263
0.0145381
0.0158801
0.0149855
0.0144263
0.0154328
0.0138671
0.0130843
0.0129725
0.0125252
0.0134198
0.0136435
0.0134198
0.0124133
0.0121897
0.013979
0.0145381
0.013979
0.015321
0.0144263
0.0108477
0.0116305
0.0147618
0.0150973
0.0154328
0.0108477
0.00413778
0.00413778
0.0049206
0.00447327
0.0049206
0.0150973
0.0290763
0.033885
0.0331022
0.0322076
0.0256095
0.0108477
0.00290763
0.00391411
0.00615075
0.00816372
0.00928204
0.0098412
0.00883471
0.00771639
0.00805189
0.00894654
0.00972937
0.0100649
0.00749273
0.00413778
0.00861105
0.0243793
0.0384701
0.0436144
0.0407068
0.0222545
0.00905838
0.0098412
0.00972937
0.00939387
0.00939387
0.0098412
0.00905838
0.00603892
0.00313129
0.00234847
0.00190114
0.00201297
0.00335495
0.00424961
0.00424961
0.00436144
0.00447327
0.00525609
0.00402594
0.00436144
0.00525609
0.00335495
0.00413778
0.00782823
0.00872288
0.00648624
0.00525609
0.00480877
0.00424961
0.00380228
0.00469694
0.00715724
0.00883471
0.0101767
0.0100649
0.0102885
0.0114068
0.0095057
0.00872288
0.0118542
0.012637
0.0155446
0.0257213
0.0309774
0.0220309
0.00872288
0.00402594
0.00469694
0.00547976
0.00559159
0.00436144
0.00436144
0.00380228
0.00223664
0.00190114
0.0027958
0.0115187
0.0197942
0.0201297
0.0131962
0.00402594
0.00391411
0.00693357
0.00637441
0.00357862
0.00346679
0.0150973
0.0282934
0.0369045
0.0421606
0.0431671
0.0398121
0.027958
0.0162156
0.00805189
0.00514426
0.00480877
0.00369045
0.0027958
0.00268396
0.00257213
0.0024603
0.00257213
0.00268396
0.00313129
0.00313129
0.00503243
0.011295
0.027958
0.0398121
0.0228137
0.00503243
0.00391411
0.00525609
0.00760456
0.0098412
0.0098412
0.00872288
0.00794006
0.00749273
0.00715724
0.0070454
0.00514426
0.00357862
0.00615075
0.00939387
0.010624
0.0101767
0.00939387
0.00816372
0.00827555
0.00771639
0.00547976
0.00861105
0.0100649
0.00894654
0.012637
0.0120778
0.0100649
0.0116305
0.010624
0.013308
0.0157683
0.0140908
0.0142026
0.0138671
0.0124133
0.0123015
0.0148736
0.0175576
0.0163274
0.0161038
0.0268396
0.0350034
0.0233728
0.0070454
0.0024603
0.00324312
0.00257213
0.00190114
0.00178931
0.00167748
0.00469694
0.00794006
0.00816372
0.00905838
0.00838739
0.00682174
0.00615075
0.00615075
0.00670991
0.00570342
0.00346679
0.00268396
0.00424961
0.00570342
0.00592709
0.00603892
0.0049206
0.00391411
0.00447327
0.00648624
0.0121897
0.0267278
0.039253
0.0402594
0.038582
0.0382465
0.0297473
0.0127488
0.0045851
0.00357862
0.00201297
0.0027958
0.0123015
0.0256095
0.0292999
0.0238202
0.0121897
0.00447327
0.0049206
0.00648624
0.00659808
0.00648624
0.0070454
0.00615075
0.00402594
0.00514426
0.00659808
0.00648624
0.00592709
0.00503243
0.00514426
0.00536793
0.00615075
0.00525609
0.00357862
0.00536793
0.00693357
0.00760456
0.00805189
0.00972937
0.00939387
0.00995303
0.0123015
0.0118542
0.0116305
0.0115187
0.0107359
0.0101767
0.0107359
0.0105122
0.00827555
0.00693357
0.00760456
0.00760456
0.00693357
0.00615075
0.00436144
0.00357862
0.00827555
0.021248
0.0196824
0.00794006
0.00581525
0.00503243
0.00424961
0.00369045
0.00391411
0.0070454
0.0116305
0.0150973
0.0158801
0.0175576
0.0199061
0.0176694
0.0169984
0.0147618
0.00726907
0.00301946
0.00201297
0.00156565
0.00503243
0.0128607
0.0211362
0.0171103
0.00771639
0.00536793
0.00436144
0.00357862
0.00335495
0.00301946
0.00223664
0.00357862
0.00760456
0.0105122
0.0100649
0.0073809
0.00648624
0.00782823
0.00917021
0.0098412
0.0098412
0.00883471
0.00805189
0.00771639
0.00794006
0.00805189
0.00581525
0.00369045
0.00559159
0.00715724
0.00682174
0.00782823
0.00682174
0.00469694
0.00581525
0.00838739
0.00872288
0.00670991
0.00682174
0.00849922
0.00849922
0.00726907
0.00570342
0.00670991
0.00861105
0.0098412
0.011295
0.0117423
0.0115187
0.0116305
0.0107359
0.0114068
0.0117423
0.00905838
0.00749273
0.00849922
0.0104004
0.0130843
0.0130843
0.0117423
0.0117423
0.0138671
0.0138671
0.0102885
0.0114068
0.012637
0.0105122
0.0117423
0.0142026
0.0147618
0.0129725
0.0118542
0.0117423
0.011966
0.0121897
0.0123015
0.0129725
0.0118542
0.0111832
0.0124133
0.0116305
0.0118542
0.0120778
0.0109595
0.011966
0.0111832
0.0107359
0.012637
0.0118542
0.015321
0.0215835
0.0168866
0.0073809
0.00447327
0.0073809
0.0098412
0.0101767
0.00771639
0.00726907
0.00849922
0.00872288
0.00928204
0.00894654
0.00849922
0.00782823
0.00514426
0.00469694
0.00928204
0.0145381
0.0175576
0.0177813
0.0184522
0.0143145
0.00726907
0.00525609
0.00391411
0.0027958
0.00301946
0.00324312
0.00469694
0.0070454
0.00659808
0.00480877
0.00503243
0.00424961
0.00413778
0.00413778
0.0024603
0.00257213
0.0024603
0.0024603
0.0024603
0.00268396
0.00436144
0.00581525
0.00771639
0.00816372
0.00682174
0.00503243
0.00313129
0.0021248
0.00190114
0.00335495
0.00514426
0.00514426
0.00570342
0.00648624
0.00480877
0.00682174
0.0155446
0.0204652
0.0211362
0.0144263
0.0070454
0.00827555
0.00928204
0.00838739
0.00603892
0.00402594
0.00301946
0.00290763
0.00536793
0.00827555
0.00961754
0.0101767
0.00961754
0.00749273
0.00469694
0.00480877
0.00659808
0.00693357
0.00715724
0.0070454
0.00760456
0.00570342
0.00324312
0.00357862
0.00480877
0.00693357
0.00794006
0.00794006
0.0070454
0.00592709
0.00659808
0.00760456
0.00659808
0.00615075
0.00592709
0.00626258
0.00726907
0.00782823
0.00905838
0.00883471
0.00928204
0.00928204
0.00816372
0.00861105
0.00939387
0.00972937
0.00995303
0.0098412
0.0109595
0.0111832
0.0100649
0.010624
0.0105122
0.0107359
0.0111832
0.010624
0.010624
0.010624
0.0105122
0.0107359
0.0114068
0.0117423
0.0111832
0.0110713
0.0115187
0.0124133
0.013979
0.0120778
0.0125252
0.0152091
0.0176694
0.0208007
0.0169984
0.00816372
0.00369045
0.00357862
0.00917021
0.027958
0.0413778
0.035227
0.015321
0.00301946
0.00525609
0.00726907
0.00615075
0.00369045
0.00234847
0.00223664
0.00436144
0.0073809
0.00894654
0.00928204
0.00794006
0.00570342
0.00603892
0.00838739
0.0145381
0.0130843
0.00581525
0.00447327
0.00313129
0.00424961
0.00603892
0.00525609
0.00335495
0.00335495
0.00536793
0.00626258
0.00693357
0.00525609
0.00581525
0.0137553
0.0185641
0.0186759
0.0194587
0.0177813
0.0101767
0.0045851
0.00525609
0.0049206
0.00313129
0.00201297
0.00178931
0.00190114
0.00324312
0.00771639
0.0127488
0.012637
0.00995303
0.00816372
0.00682174
0.00626258
0.00480877
0.00313129
0.00268396
0.00268396
0.00301946
0.00290763
0.00201297
0.00145381
0.00257213
0.00335495
0.00324312
0.00357862
0.00503243
0.00659808
0.0073809
0.00760456
0.00570342
0.00503243
0.00503243
0.00346679
0.00268396
0.00335495
0.0049206
0.00480877
0.00503243
0.00547976
0.00615075
0.00659808
0.00447327
0.00480877
0.00547976
0.00536793
0.00637441
0.00626258
0.00659808
0.00782823
0.0095057
0.0116305
0.0121897
0.0070454
0.0027958
0.00447327
0.00581525
0.00469694
0.00346679
0.00335495
0.00324312
0.00369045
0.00380228
0.00313129
0.00447327
0.0070454
0.00917021
0.00883471
0.00626258
0.0049206
0.00480877
0.00346679
0.00201297
0.00413778
0.0199061
0.0402594
0.0412659
0.0270633
0.0102885
0.00290763
0.00357862
0.00391411
0.00615075
0.010624
0.0123015
0.011295
0.0098412
0.00603892
0.00436144
0.0128607
0.0306419
0.0369045
0.0180049
0.00559159
0.00917021
0.0101767
0.0095057
0.00872288
0.00771639
0.0070454
0.00782823
0.00905838
0.00760456
0.00547976
0.00536793
0.00413778
0.00190114
0.00313129
0.00424961
0.00335495
0.0049206
0.0070454
0.00939387
0.0110713
0.0095057
0.00805189
0.00760456
0.00514426
0.00469694
0.0070454
0.00760456
0.00794006
0.00726907
0.00749273
0.00861105
0.00928204
0.00872288
0.00682174
0.00805189
0.0104004
0.0100649
0.00995303
0.0101767
0.0101767
0.0114068
0.0117423
0.011295
0.0111832
0.0116305
0.0118542
0.0110713
0.0118542
0.012637
0.0127488
0.0117423
0.0104004
0.010624
0.0125252
0.013308
0.011966
0.0121897
0.00749273
0.00402594
0.00592709
0.00782823
0.00928204
0.00771639
0.00559159
0.00436144
0.00536793
0.00592709
0.00615075
0.00659808
0.00413778
0.00346679
0.00525609
0.00626258
0.00670991
0.00659808
0.00603892
0.00547976
0.00436144
0.00301946
0.00413778
0.00570342
0.00559159
0.00559159
0.00525609
0.00436144
0.00581525
0.00816372
0.00816372
0.011295
0.0136435
0.0125252
0.0171103
0.0201297
0.0173339
0.0168866
0.0166629
0.0148736
0.0162156
0.0175576
0.0127488
0.00794006
0.00861105
0.00693357
0.00559159
0.00592709
0.00369045
0.00190114
0.00190114
0.00391411
0.0116305
0.0156565
0.00905838
0.00313129
0.00313129
0.00536793
0.00559159
0.00503243
0.00592709
0.00637441
0.00637441
0.00436144
0.00313129
0.00480877
0.00469694
0.00592709
0.00805189
0.00805189
0.00794006
0.0070454
0.00547976
0.00357862
0.0021248
0.00201297
0.00223664
0.00335495
0.00335495
0.0021248
0.00268396
0.00357862
0.00335495
0.00313129
0.00413778
0.00592709
0.0101767
0.0162156
0.0197942
0.0218072
0.0233728
0.0216954
0.0156565
0.00794006
0.00469694
0.00592709
0.00805189
0.00659808
0.00559159
0.00726907
0.00838739
0.00917021
0.0098412
0.00838739
0.00782823
0.00883471
0.00883471
0.0118542
0.0127488
0.0135316
0.0163274
0.0172221
0.0181168
0.0168866
0.0150973
0.0144263
0.0128607
0.0124133
0.0124133
0.0120778
0.00827555
0.00346679
0.00313129
0.00391411
0.00514426
0.00581525
0.00469694
0.00335495
0.00346679
0.00357862
0.00380228
0.00514426
0.00659808
0.00570342
0.00402594
0.00301946
0.0027958
0.00436144
0.00894654
0.00782823
0.0045851
0.00514426
0.00436144
0.00346679
0.00380228
0.00313129
0.00190114
0.00626258
0.0164393
0.0177813
0.00872288
0.00301946
0.00201297
0.00324312
0.00313129
0.00178931
0.00190114
0.00234847
0.00335495
0.00369045
0.00324312
0.00380228
0.00346679
0.00447327
0.0211362
0.0322076
0.0172221
0.00715724
0.0100649
0.0104004
0.00872288
0.00726907
0.00570342
0.00391411
0.00268396
0.00603892
0.0104004
0.0204652
0.0363453
0.0431671
0.0419369
0.0273988
0.00883471
0.00424961
0.00536793
0.00648624
0.00872288
0.00939387
0.00917021
0.00849922
0.00805189
0.00749273
0.00805189
0.00849922
0.00849922
0.0100649
0.00905838
0.00782823
0.00883471
0.011295
0.0140908
0.0162156
0.0171103
0.0173339
0.0167748
0.0163274
0.0172221
0.0167748
0.0163274
0.0177813
0.0186759
0.0184522
0.0206889
0.0237083
0.0243793
0.0242675
0.0234847
0.021248
0.0206889
0.0206889
0.0199061
0.0192351
0.0195706
0.0214717
0.0211362
0.0202416
0.0214717
0.0235965
0.0235965
0.0218072
0.0216954
0.0211362
0.0203534
0.0188996
0.0172221
0.0164393
0.0161038
0.0166629
0.0149855
0.015321
0.0183404
0.0200179
0.0211362
0.0213599
0.0235965
0.0163274
0.00480877
0.00335495
0.00480877
0.00547976
0.00682174
0.00917021
0.0102885
0.00838739
0.00693357
0.00771639
0.00615075
0.00346679
0.00290763
0.00436144
0.0117423
0.0315366
0.0421606
0.027287
0.0108477
0.00670991
0.00693357
0.00682174
0.00424961
0.0027958
0.00413778
0.00581525
0.00760456
0.00861105
0.00894654
0.00861105
0.00760456
0.00715724
0.00648624
0.00525609
0.00480877
0.00615075
0.00838739
0.0102885
0.011295
0.0115187
0.012637
0.0145381
0.0142026
0.0137553
0.0142026
0.0136435
0.0118542
0.0114068
0.0128607
0.0134198
0.0129725
0.011966
0.0109595
0.0114068
0.0116305
0.011295
0.0123015
0.0156565
0.0167748
0.0149855
0.01465
0.0152091
0.0169984
0.0169984
0.0148736
0.013979
0.0144263
0.0140908
0.0115187
0.00917021
0.011295
0.0121897
0.00905838
0.0111832
0.0098412
0.00402594
0.00234847
0.00234847
0.00346679
0.00335495
0.00335495
0.00525609
0.0101767
0.0163274
0.0205771
0.0218072
0.01465
0.00682174
0.00659808
0.00917021
0.00838739
0.00592709
0.00615075
0.00782823
0.00648624
0.00424961
0.00559159
0.00615075
0.00715724
0.00883471
0.00805189
0.00805189
0.00894654
0.00849922
0.00838739
0.00939387
0.00760456
0.0049206
0.00335495
0.0027958
0.00324312
0.00391411
0.00335495
0.0021248
0.00816372
0.0182286
0.0243793
0.025945
0.0228137
0.0149855
0.00682174
0.00480877
0.00469694
0.00559159
0.0127488
0.0171103
0.00928204
0.00369045
0.00603892
0.00816372
0.00883471
0.00827555
0.00939387
0.00794006
0.00648624
0.00861105
0.00961754
0.0098412
0.00995303
0.00905838
0.00816372
0.00659808
0.00480877
0.00402594
0.00346679
0.0024603
0.00201297
0.00369045
0.00525609
0.0049206
0.00570342
0.0070454
0.00670991
0.00436144
0.00581525
0.00861105
0.00760456
0.00749273
0.00782823
0.00861105
0.00972937
0.0102885
0.0117423
0.0154328
0.0166629
0.0145381
0.013979
0.0148736
0.0168866
0.0174458
0.0171103
0.0180049
0.0208007
0.0210244
0.0174458
0.0155446
0.0161038
0.0156565
0.015321
0.0162156
0.0163274
0.0162156
0.0144263
0.0128607
0.0136435
0.013308
0.0134198
0.0130843
0.0104004
0.0123015
0.0127488
0.0130843
0.0152091
0.013308
0.0107359
0.0114068
0.0157683
0.0183404
0.0183404
0.0154328
0.0125252
0.0125252
0.015321
0.0140908
0.0124133
0.01465
0.0173339
0.0201297
0.0211362
0.0218072
0.0211362
0.0200179
0.0175576
0.0136435
0.0108477
0.011295
0.0108477
0.00928204
0.011295
0.0115187
0.0124133
0.0115187
0.00715724
0.00570342
0.00391411
0.00290763
0.00369045
0.00447327
0.00469694
0.00480877
0.00514426
0.00503243
0.00402594
0.00301946
0.00257213
0.00369045
0.0159919
0.0320957
0.0384701
0.0291881
0.0108477
0.00525609
0.0073809
0.0070454
0.00670991
0.0073809
0.00872288
0.0107359
0.0110713
0.0111832
0.011966
0.011295
0.00917021
0.00805189
0.00827555
0.00917021
0.00995303
0.00805189
0.0045851
0.0027958
0.00301946
0.00346679
0.00380228
0.00749273
0.00749273
0.0045851
0.00581525
0.00816372
0.0098412
0.00961754
0.00849922
0.0073809
0.00480877
0.00536793
0.00794006
0.00883471
0.0100649
0.0110713
0.0105122
0.0100649
0.0120778
0.011295
0.0105122
0.0108477
0.0110713
0.0108477
0.0095057
0.00872288
0.00905838
0.00861105
0.00581525
0.00514426
0.00637441
0.00760456
0.0098412
0.0108477
0.0101767
0.0109595
0.0128607
0.0273988
0.0413778
0.034556
0.0204652
0.00838739
0.00369045
0.00559159
0.00648624
0.00525609
0.00313129
0.0021248
0.00223664
0.00301946
0.00424961
0.0070454
0.0070454
0.0045851
0.00525609
0.0049206
0.00480877
0.00670991
0.00827555
0.00861105
0.00883471
0.00894654
0.00861105
0.00816372
0.0070454
0.00559159
0.00615075
0.00861105
0.00928204
0.00894654
0.00715724
0.00391411
0.00335495
0.00380228
0.00357862
0.00335495
0.00290763
0.00234847
0.00178931
0.00156565
0.00156565
0.00257213
0.00391411
0.00503243
0.00525609
0.00447327
0.00424961
0.00469694
0.00872288
0.00827555
0.00536793
0.00525609
0.00369045
0.00402594
0.00570342
0.00760456
0.00861105
0.00782823
0.00581525
0.00424961
0.00301946
0.00324312
0.0101767
0.0182286
0.0218072
0.0228137
0.0213599
0.0181168
0.00883471
0.00357862
0.00436144
0.00413778
0.00402594
0.00369045
0.00413778
0.00637441
0.00838739
0.00849922
0.0073809
0.00693357
0.00626258
0.00391411
0.00268396
0.0027958
0.00536793
0.00816372
0.00883471
0.00592709
0.00257213
0.00402594
0.0121897
0.0254977
0.024603
0.0098412
0.00480877
0.00838739
0.0100649
0.0098412
0.00883471
0.00771639
0.0073809
0.0070454
0.00726907
0.00626258
0.00547976
0.00715724
0.00849922
0.00861105
0.00827555
0.00659808
0.00715724
0.00905838
0.00883471
0.00670991
0.00693357
0.00939387
0.00838739
0.0070454
0.00760456
0.00883471
0.00771639
0.00726907
0.0101767
0.0116305
0.0115187
0.0108477
0.00995303
0.0115187
0.013308
0.0163274
0.0162156
0.0131962
0.0124133
0.0110713
0.00917021
0.00894654
0.00972937
0.0073809
0.00503243
0.00626258
0.010624
0.0150973
0.0108477
0.00346679
0.0027958
0.00603892
0.00861105
0.00670991
0.00380228
0.00424961
0.0045851
0.00369045
0.00324312
0.00447327
0.0095057
0.0240438
0.0397003
0.0427197
0.0421606
0.0386938
0.0191232
0.0049206
0.00391411
0.00268396
0.00592709
0.0215835
0.0370163
0.0271751
0.0104004
0.00637441
0.00626258
0.00536793
0.00547976
0.0045851
0.00402594
0.00369045
0.00436144
0.0073809
0.00861105
0.00827555
0.00838739
0.00861105
0.00782823
0.00771639
0.00805189
0.00928204
0.00805189
0.00615075
0.0164393
0.0333259
0.0366808
0.0309774
0.0228137
0.011295
0.00670991
0.0073809
0.00726907
0.00559159
0.0027958
0.00190114
0.00178931
0.00201297
0.0027958
0.00313129
0.00648624
0.0120778
0.011966
0.00693357
0.00369045
0.00223664
0.00167748
0.00380228
0.00682174
0.00816372
0.0095057
0.00816372
0.00592709
0.00480877
0.00369045
0.00324312
0.00324312
0.00357862
0.00346679
0.0049206
0.00503243
0.00391411
0.00380228
0.00447327
0.00413778
0.00313129
0.00313129
0.00346679
0.00592709
0.00670991
0.00760456
0.0102885
0.0110713
0.0098412
0.00928204
0.0102885
0.0098412
0.0102885
0.0114068
0.011966
0.0111832
0.0102885
0.0108477
0.0108477
0.0101767
0.0105122
0.010624
0.00995303
0.0102885
0.0105122
0.0105122
0.0105122
0.0104004
0.0110713
0.0116305
0.0104004
0.0105122
0.0114068
0.0107359
0.0105122
0.0111832
0.0100649
0.0114068
0.0155446
0.0150973
0.00816372
0.00268396
0.00536793
0.00659808
0.00480877
0.00324312
0.00234847
0.00301946
0.00290763
0.00190114
0.00290763
0.00503243
0.00648624
0.00603892
0.0049206
0.00480877
0.00469694
0.00480877
0.0049206
0.00335495
0.00290763
0.00357862
0.00324312
0.00357862
0.00514426
0.00514426
0.00324312
0.0166629
0.035227
0.0414896
0.0393648
0.0221427
0.00827555
0.00749273
0.00760456
0.00749273
0.00615075
0.00693357
0.0150973
0.025945
0.0316484
0.0329904
0.0312011
0.0270633
0.0206889
0.00939387
0.00324312
0.00424961
0.00424961
0.00402594
0.00268396
0.00190114
0.00190114
0.00178931
0.00190114
0.0024603
0.00637441
0.0070454
0.00447327
0.00626258
0.00838739
0.00917021
0.0095057
0.00849922
0.00603892
0.00402594
0.00469694
0.00749273
0.00905838
0.00894654
0.00626258
0.00514426
0.00536793
0.00581525
0.00626258
0.00503243
0.00369045
0.00380228
0.00715724
0.00771639
0.00760456
0.00995303
0.0129725
0.0204652
0.0257213
0.0222545
0.011966
0.0049206
0.00514426
0.00447327
0.00447327
0.00648624
0.00693357
0.00637441
0.00615075
0.00469694
0.00346679
0.0102885
0.0258331
0.0370163
0.0403713
0.0423843
0.0419369
0.0400358
0.0419369
0.0394766
0.0203534
0.00648624
0.00682174
0.00648624
0.00525609
0.00324312
0.00268396
0.0024603
0.0024603
0.00268396
0.0027958
0.00313129
0.00581525
0.00760456
0.00961754
0.00995303
0.00648624
0.00413778
0.00357862
0.00357862
0.00346679
0.00335495
0.00346679
0.00559159
0.00603892
0.0045851
0.00469694
0.00514426
0.00514426
0.00536793
0.00514426
0.00357862
0.0027958
0.00257213
0.00190114
0.00145381
0.00156565
0.0098412
0.0162156
0.00883471
0.0049206
0.0073809
0.00771639
0.00749273
0.00749273
0.00726907
0.0070454
0.00682174
0.00603892
0.0070454
0.00816372
0.0070454
0.00637441
0.00592709
0.00637441
0.00693357
0.00659808
0.00670991
0.00749273
0.00749273
0.00626258
0.00693357
0.00816372
0.00682174
0.00659808
0.00771639
0.00827555
0.00872288
0.00782823
0.00894654
0.0140908
0.0192351
0.0195706
0.0110713
0.00469694
0.0045851
0.00346679
0.00223664
0.00178931
0.0021248
0.00592709
0.00626258
0.00357862
0.0049206
0.00648624
0.00648624
0.00525609
0.00581525
0.010624
0.0171103
0.0224782
0.0191232
0.0095057
0.00536793
0.00413778
0.00346679
0.00324312
0.00313129
0.00268396
0.00234847
0.0024603
0.00257213
0.0024603
0.00257213
0.00301946
0.0098412
0.0159919
0.0158801
0.0137553
0.00905838
0.00805189
0.00939387
0.00939387
0.0100649
0.0105122
0.00939387
0.00760456
0.00648624
0.00581525
0.00603892
0.00760456
0.00995303
0.00872288
0.00637441
0.00715724
0.00749273
0.00749273
0.00928204
0.00905838
0.00771639
0.00961754
0.0123015
0.0282934
0.0404831
0.0244912
0.00794006
0.00637441
0.00894654
0.00995303
0.00693357
0.0045851
0.00581525
0.012637
0.0130843
0.00682174
0.00592709
0.00682174
0.00771639
0.00838739
0.00782823
0.00570342
0.00413778
0.00369045
0.00480877
0.00637441
0.00682174
0.00659808
0.00693357
0.00726907
0.00514426
0.00357862
0.00525609
0.0118542
0.0174458
0.0157683
0.0134198
0.00794006
0.00234847
0.0027958
0.00346679
0.00346679
0.00369045
0.00525609
0.00637441
0.00570342
0.00480877
0.00402594
0.00324312
0.00313129
0.00503243
0.00749273
0.00782823
0.00603892
0.00380228
0.00335495
0.0027958
0.0021248
0.00201297
0.00268396
0.00615075
0.00805189
0.0073809
0.00715724
0.00581525
0.00402594
0.00413778
0.00313129
0.00290763
0.00357862
0.00234847
0.00436144
0.00782823
0.00603892
0.00480877
0.00648624
0.00794006
0.00894654
0.0100649
0.0115187
0.0127488
0.0136435
0.0164393
0.0172221
0.0114068
0.0118542
0.0144263
0.013308
0.0128607
0.0121897
0.0129725
0.0152091
0.0147618
0.0121897
0.012637
0.0130843
0.0128607
0.0125252
0.0120778
0.0127488
0.0129725
0.0120778
0.0115187
0.0123015
0.012637
0.0128607
0.0138671
0.0127488
0.00771639
0.00335495
0.00290763
0.00402594
0.00592709
0.0070454
0.00816372
0.00972937
0.00939387
0.00637441
0.00536793
0.00816372
0.00961754
0.00861105
0.00861105
0.0095057
0.00972937
0.00782823
0.0045851
0.00369045
0.00659808
0.0172221
0.0261686
0.0230374
0.0127488
0.00670991
0.0070454
0.00603892
0.00592709
0.0049206
0.00335495
0.00313129
0.00313129
0.00380228
0.00424961
0.00659808
0.00838739
0.0073809
0.00626258
0.00693357
0.00782823
0.00693357
0.00570342
0.00402594
0.0027958
0.00290763
0.00559159
0.00861105
0.00928204
0.00917021
0.00872288
0.00805189
0.00682174
0.00615075
0.00659808
0.00637441
0.00693357
0.00782823
0.00693357
0.00648624
0.00749273
0.0073809
0.00603892
0.00670991
0.00894654
0.00928204
0.00972937
0.0100649
0.0098412
0.0109595
0.0121897
0.0120778
0.011295
0.0118542
0.0128607
0.0131962
0.0120778
0.0111832
0.0118542
0.0125252
0.0115187
0.0115187
0.0131962
0.0117423
0.0108477
0.012637
0.0135316
0.0102885
0.00536793
0.00615075
0.00670991
0.00357862
0.00178931
0.00190114
0.00234847
0.00346679
0.00413778
0.00514426
0.00715724
0.00603892
0.00313129
0.00201297
0.00190114
0.00190114
0.00391411
0.00480877
0.00313129
0.00301946
0.00346679
0.0027958
0.00167748
0.00223664
0.00391411
0.00603892
0.00592709
0.00436144
0.00413778
0.00447327
0.00391411
0.0024603
0.00290763
0.00346679
0.00335495
0.00391411
0.00469694
0.00559159
0.00592709
0.00469694
0.00369045
0.00357862
0.00346679
0.00346679
0.00335495
0.00324312
0.00324312
0.00469694
0.00626258
0.00760456
0.0235965
0.0407068
0.0421606
0.0395885
0.024603
0.00794006
0.00447327
0.00413778
0.00369045
0.00480877
0.0143145
0.0150973
0.00626258
0.00447327
0.00525609
0.00626258
0.00503243
0.00346679
0.00402594
0.00480877
0.0162156
0.0295236
0.0277343
0.0240438
0.0224782
0.0184522
0.00894654
0.00324312
0.00324312
0.0027958
0.0027958
0.00234847
0.00223664
0.00190114
0.00156565
0.00380228
0.0224782
0.0369045
0.0213599
0.00771639
0.0073809
0.00693357
0.0070454
0.00570342
0.00424961
0.0027958
0.0027958
0.00581525
0.00794006
0.0073809
0.00525609
0.00369045
0.00380228
0.00469694
0.00592709
0.00715724
0.00637441
0.00682174
0.0104004
0.00827555
0.00592709
0.00883471
0.00928204
0.00872288
0.0144263
0.0237083
0.0192351
0.00715724
0.00380228
0.00380228
0.00301946
0.00257213
0.00324312
0.01465
0.0291881
0.0201297
0.00547976
0.00391411
0.00436144
0.00413778
0.00346679
0.0024603
0.00301946
0.00301946
0.0024603
0.00357862
0.00413778
0.00313129
0.0024603
0.00301946
0.00894654
0.0249385
0.0374637
0.033214
0.0156565
0.00525609
0.00503243
0.00391411
0.00335495
0.0027958
0.00324312
0.00436144
0.00872288
0.0196824
0.0216954
0.0130843
0.00816372
0.00648624
0.0073809
0.00838739
0.00816372
0.00760456
0.00659808
0.00693357
0.00603892
0.00581525
0.00626258
0.00670991
0.00749273
0.00603892
0.00447327
0.00480877
0.00503243
0.0049206
0.00670991
0.00693357
0.0049206
0.00357862
0.00592709
0.0154328
0.0227019
0.0242675
0.0247148
0.0234847
0.0129725
0.00301946
0.0027958
0.00257213
0.00268396
0.00223664
0.00201297
0.00917021
0.0135316
0.00749273
0.00369045
0.00346679
0.00335495
0.0045851
0.00570342
0.00503243
0.0049206
0.00514426
0.00659808
0.00626258
0.00436144
0.00436144
0.00637441
0.0171103
0.0270633
0.0270633
0.02259
0.0140908
0.0163274
0.0304183
0.0391411
0.0416014
0.0417133
0.0304183
0.0105122
0.00357862
0.0049206
0.0073809
0.0208007
0.035227
0.0401476
0.0286289
0.010624
0.00615075
0.00670991
0.00581525
0.00346679
0.00201297
0.013308
0.0319839
0.0336614
0.0156565
0.0070454
0.0101767
0.00894654
0.0070454
0.00615075
0.00637441
0.00648624
0.00648624
0.00749273
0.00883471
0.00794006
0.00670991
0.00715724
0.00682174
0.00715724
0.00782823
0.00670991
0.0073809
0.00928204
0.00872288
0.00816372
0.00883471
0.00883471
0.0095057
0.0108477
0.00849922
0.00782823
0.0104004
0.0114068
0.0102885
0.0101767
0.0114068
0.0117423
0.0123015
0.0124133
0.0120778
0.0129725
0.0123015
0.0100649
0.0100649
0.0109595
0.0121897
0.0128607
0.011966
0.0102885
0.00939387
0.0105122
0.0109595
0.0104004
0.0102885
0.0110713
0.0137553
0.0135316
0.0147618
0.0155446
0.0129725
0.0123015
0.0125252
0.0123015
0.0140908
0.0194587
0.0248267
0.0289644
0.0278461
0.0214717
0.0101767
0.00290763
0.00313129
0.00324312
0.00234847
0.00167748
0.00190114
0.0073809
0.0095057
0.00570342
0.00592709
0.00782823
0.00917021
0.0095057
0.0098412
0.0098412
0.00771639
0.00726907
0.00894654
0.00905838
0.00838739
0.00637441
0.00536793
0.0049206
0.00469694
0.0045851
0.00335495
0.00301946
0.00346679
0.00503243
0.00615075
0.00794006
0.00861105
0.00536793
0.00268396
0.00268396
0.00346679
0.00514426
0.0049206
0.00369045
0.0045851
0.00469694
0.0045851
0.00413778
0.00447327
0.00794006
0.0109595
0.0111832
0.0109595
0.0111832
0.0107359
0.00995303
0.00972937
0.00972937
0.00928204
0.00816372
0.00805189
0.00928204
0.00939387
0.00771639
0.00849922
0.0110713
0.00861105
0.00715724
0.00917021
0.00928204
0.00849922
0.00760456
0.00894654
0.0105122
0.0109595
0.0118542
0.0104004
0.00749273
0.0073809
0.00861105
0.00838739
0.00760456
0.00536793
0.00335495
0.00369045
0.00369045
0.00436144
0.00592709
0.00670991
0.00894654
0.00972937
0.00570342
0.00290763
0.00268396
0.00268396
0.00268396
0.00357862
0.00380228
0.00313129
0.00324312
0.00525609
0.00794006
0.00794006
0.0070454
0.00670991
0.00715724
0.00648624
0.00447327
0.00380228
0.00771639
0.0134198
0.0154328
0.0175576
0.0182286
0.0135316
0.00782823
0.00637441
0.00805189
0.00883471
0.00682174
0.00480877
0.00402594
0.00301946
0.00324312
0.00402594
0.00570342
0.00559159
0.00380228
0.00413778
0.0045851
0.00503243
0.0073809
0.00626258
0.00514426
0.00771639
0.0095057
0.00794006
0.0073809
0.00905838
0.00861105
0.00928204
0.0115187
0.0114068
0.0114068
0.0116305
0.010624
0.0115187
0.0128607
0.0134198
0.0135316
0.0138671
0.0140908
0.0136435
0.0129725
0.0121897
0.0134198
0.0144263
0.012637
0.0135316
0.0277343
0.0397003
0.0362335
0.0215835
0.00782823
0.00603892
0.00670991
0.00682174
0.00827555
0.0095057
0.00861105
0.00682174
0.00693357
0.00827555
0.00939387
0.00838739
0.00525609
0.00357862
0.00335495
0.00346679
0.00436144
0.00514426
0.00424961
0.00357862
0.00514426
0.0120778
0.0209125
0.0254977
0.0235965
0.0144263
0.00626258
0.00782823
0.00917021
0.00592709
0.00346679
0.00257213
0.00603892
0.0123015
0.0134198
0.0070454
0.0027958
0.00447327
0.00402594
0.00816372
0.0224782
0.0316484
0.0314247
0.023932
0.0111832
0.00659808
0.00838739
0.00905838
0.00648624
0.00402594
0.00670991
0.0124133
0.0184522
0.0192351
0.0140908
0.00794006
0.00503243
0.0045851
0.00346679
0.00301946
0.00335495
0.00290763
0.00257213
0.00480877
0.0118542
0.0178931
0.0155446
0.00827555
0.00536793
0.00547976
0.00357862
0.00268396
0.00324312
0.00301946
0.00324312
0.00581525
0.00816372
0.00693357
0.00715724
0.0098412
0.0102885
0.00749273
0.00413778
0.00290763
0.0024603
0.00301946
0.00413778
0.00592709
0.00760456
0.00816372
0.00827555
0.00849922
0.00659808
0.00413778
0.0045851
0.00894654
0.0109595
0.00838739
0.00849922
0.00928204
0.00883471
0.0073809
0.00659808
0.00626258
0.00447327
0.00525609
0.00615075
0.00592709
0.00592709
0.00480877
0.00570342
0.00682174
0.00670991
0.00648624
0.00670991
0.00659808
0.00592709
0.00849922
0.0107359
0.0107359
0.0098412
0.00894654
0.0102885
0.011295
0.0114068
0.0111832
0.0110713
0.0118542
0.0124133
0.0104004
0.0107359
0.0123015
0.0123015
0.0118542
0.0123015
0.0121897
0.0121897
0.0129725
0.0120778
0.0098412
0.00805189
0.00872288
0.00894654
0.00961754
0.0102885
0.00861105
0.00682174
0.00503243
0.00447327
0.00592709
0.011295
0.0150973
0.0159919
0.0195706
0.0138671
0.00592709
0.00659808
0.00615075
0.00547976
0.00525609
0.00514426
0.00536793
0.00525609
0.00369045
0.00290763
0.00324312
0.00313129
0.00257213
0.00201297
0.00268396
0.00480877
0.00749273
0.00559159
0.00301946
0.00424961
0.00615075
0.00715724
0.00872288
0.00905838
0.00715724
0.00682174
0.00939387
0.0105122
0.00883471
0.00682174
0.0111832
0.027958
0.038582
0.0271751
0.00995303
0.00503243
0.00525609
0.00369045
0.00380228
0.00346679
0.0024603
0.00234847
0.00480877
0.0073809
0.0104004
0.0152091
0.0185641
0.0186759
0.013979
0.0104004
0.00771639
0.00424961
0.00324312
0.00324312
0.00369045
0.00413778
0.00469694
0.00380228
0.0024603
0.00380228
0.00447327
0.0049206
0.00547976
0.00413778
0.00357862
0.00380228
0.00480877
0.00424961
0.00447327
0.00503243
0.00257213
0.00525609
0.0125252
0.0180049
0.0202416
0.0205771
0.0221427
0.0229255
0.02259
0.0231492
0.0244912
0.0250503
0.023932
0.0227019
0.0172221
0.00794006
0.00380228
0.00324312
0.00424961
0.00424961
0.00223664
0.00201297
0.00525609
0.0140908
0.0211362
0.0162156
0.00883471
0.00581525
0.00547976
0.00547976
0.00480877
0.00436144
0.00369045
0.00357862
0.00313129
0.00413778
0.00592709
0.0045851
0.00268396
0.0027958
0.00369045
0.00469694
0.0049206
0.00525609
0.00559159
0.00559159
0.00536793
0.00424961
0.00525609
0.00626258
0.00637441
0.00659808
0.00547976
0.00547976
0.00525609
0.00626258
0.00794006
0.00905838
0.00905838
0.00849922
0.0101767
0.0104004
0.0110713
0.0123015
0.010624
0.0095057
0.0108477
0.0123015
0.0124133
0.0118542
0.0121897
0.0124133
0.0123015
0.0116305
0.0127488
0.0144263
0.013979
0.0131962
0.0120778
0.0128607
0.0131962
0.0121897
0.0125252
0.0130843
0.0118542
0.0120778
0.012637
0.0110713
0.011966
0.0098412
0.00715724
0.00827555
0.00693357
0.00514426
0.00536793
0.00413778
0.00369045
0.00480877
0.00626258
0.00626258
0.0049206
0.00603892
0.00615075
0.00782823
0.0098412
0.00838739
0.00659808
0.00413778
0.00413778
0.00637441
0.00827555
0.00749273
0.00570342
0.00525609
0.00570342
0.0070454
0.00670991
0.00693357
0.00794006
0.00615075
0.00480877
0.00570342
0.0166629
0.0327667
0.0410423
0.0427197
0.0421606
0.0405949
0.0376873
0.0388056
0.0325431
0.0181168
0.00726907
0.0024603
0.00369045
0.00659808
0.00838739
0.0100649
0.00917021
0.00693357
0.00726907
0.00849922
0.00827555
0.00626258
0.00525609
0.00424961
0.00257213
0.00234847
0.00324312
0.00447327
0.00402594
0.00234847
0.00234847
0.00380228
0.00380228
0.00480877
0.00693357
0.00861105
0.010624
0.0117423
0.0105122
0.0104004
0.0114068
0.0121897
0.0116305
0.0108477
0.0121897
0.013308
0.0128607
0.00995303
0.00972937
0.00917021
0.00861105
0.0211362
0.0275106
0.0152091
0.00659808
0.00480877
0.00536793
0.0117423
0.0237083
0.0354507
0.0248267
0.00794006
0.00794006
0.00939387
0.00905838
0.00682174
0.00324312
0.00167748
0.0021248
0.00447327
0.00883471
0.0163274
0.0177813
0.00894654
0.00380228
0.00413778
0.00346679
0.00234847
0.0049206
0.0201297
0.0243793
0.0095057
0.00447327
0.00749273
0.00894654
0.00894654
0.00849922
0.00670991
0.00603892
0.00782823
0.00749273
0.00525609
0.00413778
0.00301946
0.00167748
0.00346679
0.0115187
0.0183404
0.0185641
0.013308
0.00648624
0.00637441
0.00872288
0.00894654
0.00648624
0.00413778
0.00536793
0.00782823
0.00894654
0.00816372
0.00749273
0.00749273
0.00816372
0.00749273
0.00592709
0.00726907
0.00905838
0.00894654
0.00861105
0.00805189
0.00816372
0.00771639
0.00849922
0.00749273
0.00570342
0.00693357
0.00872288
0.00972937
0.0104004
0.0109595
0.0100649
0.00928204
0.00995303
0.010624
0.0110713
0.0110713
0.0105122
0.0110713
0.0116305
0.0120778
0.0118542
0.0114068
0.0115187
0.0116305
0.0118542
0.0121897
0.0123015
0.00961754
0.00805189
0.00883471
0.0073809
0.00480877
0.00424961
0.00659808
0.00849922
0.00849922
0.0073809
0.00559159
0.00447327
0.00480877
0.00648624
0.00782823
0.00838739
0.00917021
0.00905838
0.00682174
0.00514426
0.00503243
0.00603892
0.0073809
0.00917021
0.00995303
0.00905838
0.00816372
0.00536793
0.00268396
0.00234847
0.00201297
0.00581525
0.00883471
0.00514426
0.00290763
0.00357862
0.00357862
0.00391411
0.0045851
0.00402594
0.00480877
0.00771639
0.00917021
0.00872288
0.00592709
0.00369045
0.00805189
0.0127488
0.013979
0.0125252
0.00894654
0.00659808
0.00682174
0.00849922
0.00861105
0.00805189
0.00760456
0.0073809
0.00648624
0.00637441
0.00827555
0.00928204
0.00861105
0.0070454
0.0070454
0.0073809
0.0073809
0.00693357
0.00883471
0.00883471
0.00760456
0.0100649
0.00972937
0.00905838
0.0110713
0.012637
0.013308
0.012637
0.0142026
0.0201297
0.0192351
0.0128607
0.00693357
0.00324312
0.00346679
0.00380228
0.0045851
0.0049206
0.00570342
0.00525609
0.00357862
0.0024603
0.0021248
0.00257213
0.0024603
0.00313129
0.0027958
0.00167748
0.00369045
0.00469694
0.00402594
0.0049206
0.00536793
0.00659808
0.0073809
0.00536793
0.00603892
0.00939387
0.0109595
0.0115187
0.0108477
0.0107359
0.0109595
0.0110713
0.0108477
0.0102885
0.00917021
0.00760456
0.00670991
0.00972937
0.0114068
0.00805189
0.00424961
0.0024603
0.00290763
0.00301946
0.00290763
0.00257213
0.0024603
0.00223664
0.00190114
0.00313129
0.0116305
0.0171103
0.0098412
0.00357862
0.00335495
0.00503243
0.00615075
0.00670991
0.00547976
0.00346679
0.00581525
0.0070454
0.00592709
0.00547976
0.00547976
0.00480877
0.00346679
0.00234847
0.00391411
0.012637
0.0154328
0.00782823
0.00346679
0.00335495
0.00335495
0.00324312
0.00335495
0.00335495
0.00380228
0.00369045
0.00268396
0.00201297
0.00469694
0.00659808
0.00447327
0.00335495
0.00369045
0.00290763
0.00290763
0.00346679
0.00257213
0.00257213
0.00357862
0.00391411
0.00503243
0.00637441
0.00961754
0.0135316
0.0127488
0.0121897
0.0129725
0.00961754
0.00805189
0.00928204
0.00715724
0.00380228
0.00234847
0.0024603
0.0027958
0.00525609
0.00547976
0.00380228
0.00480877
0.00547976
0.00547976
0.00592709
0.00514426
0.00436144
0.00380228
0.00369045
0.0049206
0.00570342
0.00391411
0.00290763
0.00324312
0.00301946
0.00268396
0.00402594
0.0123015
0.0185641
0.0111832
0.00369045
0.00346679
0.00357862
0.00380228
0.00391411
0.00313129
0.00301946
0.00391411
0.0049206
0.00503243
0.00369045
0.00257213
0.00391411
0.00469694
0.00380228
0.00413778
0.00503243
0.00525609
0.00626258
0.00838739
0.00861105
0.00693357
0.0070454
0.00794006
0.00872288
0.00894654
0.00939387
0.00961754
0.0095057
0.00782823
0.0073809
0.00894654
0.00894654
0.0101767
0.0120778
0.00827555
0.00570342
0.00760456
0.00760456
0.0073809
0.00659808
0.00592709
0.00659808
0.00603892
0.00536793
0.0045851
0.0027958
0.00178931
0.00346679
0.0155446
0.0339969
0.0402594
0.0309774
0.0130843
0.00480877
0.00726907
0.0073809
0.0049206
0.00324312
0.00536793
0.00659808
0.0049206
0.00559159
0.00883471
0.00972937
0.00905838
0.00827555
0.00782823
0.00559159
0.00324312
0.00346679
0.00514426
0.00503243
0.00324312
0.00290763
0.00290763
0.00290763
0.00290763
0.0027958
0.00268396
0.00268396
0.0027958
0.0027958
0.00268396
0.00234847
0.00257213
0.0128607
0.0182286
0.00861105
0.00369045
0.00335495
0.00324312
0.00324312
0.00324312
0.00693357
0.0109595
0.0120778
0.0121897
0.0115187
0.00905838
0.0070454
0.00603892
0.0045851
0.00324312
0.00201297
0.00201297
0.0021248
0.00301946
0.00402594
0.00290763
0.00201297
0.00391411
0.00693357
0.00816372
0.00827555
0.00749273
0.00659808
0.00581525
0.00536793
0.00693357
0.011295
0.0145381
0.0157683
0.0164393
0.0121897
0.00693357
0.00536793
0.00615075
0.00682174
0.00715724
0.00771639
0.00782823
0.00771639
0.00838739
0.00861105
0.00861105
0.00760456
0.00682174
0.00816372
0.00794006
0.0073809
0.00726907
0.00637441
0.00648624
0.00693357
0.00648624
0.00559159
0.00615075
0.00682174
0.0070454
0.00648624
0.00570342
0.00626258
0.00749273
0.00726907
0.00715724
0.00816372
0.00827555
0.0073809
0.00749273
0.00816372
0.00905838
0.0117423
0.0110713
0.00872288
0.00928204
0.0098412
0.0114068
0.0121897
0.0114068
0.00961754
0.00849922
0.00928204
0.0100649
0.0108477
0.0114068
0.0123015
0.0127488
0.0117423
0.011966
0.0116305
0.013308
0.013308
0.0115187
0.0125252
0.013308
0.0109595
0.00581525
0.00503243
0.00659808
0.00626258
0.00447327
0.00301946
0.00447327
0.0070454
0.00883471
0.0098412
0.0100649
0.00861105
0.00838739
0.0100649
0.0114068
0.00928204
0.00592709
0.00570342
0.00615075
0.00771639
0.00760456
0.00525609
0.00559159
0.0073809
0.00771639
0.00794006
0.00659808
0.00693357
0.00861105
0.00827555
0.00760456
0.00559159
0.00670991
0.00905838
0.0111832
0.0149855
0.0155446
0.0158801
0.0140908
0.00827555
0.00782823
0.00939387
0.00961754
0.0104004
0.0100649
0.00715724
0.00682174
0.00894654
0.00805189
0.00436144
0.00357862
0.00603892
0.00805189
0.0123015
0.0121897
0.00782823
0.00659808
0.00749273
0.00872288
0.00939387
0.00972937
0.0098412
0.0107359
0.010624
0.00872288
0.00603892
0.00424961
0.00369045
0.00357862
0.0049206
0.00480877
0.00480877
0.00536793
0.00514426
0.00648624
0.00917021
0.0115187
0.0128607
0.0118542
0.0098412
0.00659808
0.0045851
0.00514426
0.00424961
0.00424961
0.00447327
0.00469694
0.0045851
0.00357862
0.00402594
0.0049206
0.00380228
0.0027958
0.00268396
0.00268396
0.00313129
0.00547976
0.00547976
0.00313129
0.00313129
0.00324312
0.00335495
0.00335495
0.00335495
0.00335495
0.00335495
0.00335495
0.00257213
0.00201297
0.00324312
0.00424961
0.00424961
0.00380228
0.00290763
0.00234847
0.0024603
0.00313129
0.00335495
0.00324312
0.00335495
0.00335495
0.00346679
0.00391411
0.00436144
0.00503243
0.00883471
0.0125252
0.013979
0.015321
0.0140908
0.0156565
0.0147618
0.0070454
0.00313129
0.00313129
0.00324312
0.00346679
0.00357862
0.00357862
0.00357862
0.00357862
0.00380228
0.00335495
0.00536793
0.0123015
0.0173339
0.0190114
0.0172221
0.0174458
0.0162156
0.00771639
0.00313129
0.0024603
0.00234847
0.0021248
0.00178931
0.0024603
0.0027958
0.0024603
0.00257213
0.0024603
0.0024603
0.00301946
0.00424961
0.00603892
0.00726907
0.00816372
0.00872288
0.00838739
0.00715724
0.00659808
0.00760456
0.00894654
0.00928204
0.00861105
0.00794006
0.00872288
0.00917021
0.00928204
0.00905838
0.00726907
0.00480877
0.0027958
0.0027958
0.00346679
0.00615075
0.00872288
0.00849922
0.00782823
0.00682174
0.00581525
0.00626258
0.00626258
0.00592709
0.00581525
0.00570342
0.00592709
0.00659808
0.0070454
0.00603892
0.00581525
0.00771639
0.00693357
0.00816372
0.0102885
0.00894654
0.00917021
0.0118542
0.012637
0.0131962
0.0115187
0.0100649
0.0120778
0.0125252
0.0125252
0.00883471
0.00547976
0.00547976
0.00626258
0.00536793
0.00369045
0.0024603
0.00715724
0.0136435
0.00939387
0.00357862
0.00234847
0.0024603
0.00313129
0.00313129
0.00324312
0.00335495
0.00313129
0.00313129
0.00313129
0.00313129
0.00313129
0.00357862
0.00391411
0.00436144
0.00570342
0.00626258
0.00581525
0.00917021
0.0111832
0.00648624
0.00324312
0.00402594
0.00525609
0.0070454
0.00771639
0.00581525
0.00424961
0.00536793
0.00659808
0.00693357
0.00771639
0.00782823
0.00782823
0.00715724
0.00603892
0.00670991
0.00928204
0.0104004
0.00883471
0.00659808
0.00626258
0.00749273
0.00816372
0.00794006
0.00872288
0.00849922
0.00536793
0.00357862
0.00324312
0.00301946
0.00324312
0.00503243
0.00715724
0.00928204
0.0109595
0.0104004
0.00972937
0.00760456
0.00402594
0.00223664
0.00223664
0.00369045
0.00570342
0.00615075
0.00637441
0.00547976
0.00503243
0.00559159
0.00570342
0.00670991
0.00525609
0.0045851
0.00782823
0.0104004
0.0125252
0.0124133
0.0105122
0.0102885
0.0098412
0.0102885
0.0115187
0.0114068
0.0115187
0.0124133
0.0123015
0.0104004
0.010624
0.013308
0.0137553
0.010624
0.0101767
0.0124133
0.011966
0.0105122
0.00961754
0.0107359
0.0110713
0.012637
0.0148736
0.0138671
0.0129725
0.0147618
0.0161038
0.0145381
0.0157683
0.0166629
0.0137553
0.0136435
0.0140908
0.011295
0.0104004
0.0121897
0.0138671
0.0137553
0.0129725
0.0140908
0.0142026
0.0123015
0.0114068
0.0115187
0.0102885
0.0111832
0.0128607
0.0115187
0.0102885
0.0110713
0.0114068
0.0110713
0.0116305
0.0118542
0.0108477
0.0098412
0.0102885
0.0100649
0.00928204
0.00883471
0.00928204
0.0104004
0.0107359
0.0073809
0.00369045
0.00301946
0.00290763
0.00290763
0.00301946
0.00335495
0.00335495
0.00257213
0.00234847
0.00480877
0.0168866
0.0227019
0.0109595
0.00268396
0.00402594
0.00581525
0.00514426
0.00369045
0.00369045
0.00469694
0.00581525
0.00559159
0.00514426
0.00570342
0.00480877
0.00413778
0.00424961
0.00525609
0.0070454
0.00603892
0.0049206
0.00581525
0.00626258
0.00581525
0.00413778
0.00380228
0.0045851
0.00480877
0.00424961
0.00313129
0.0024603
0.00268396
0.0027958
0.00290763
0.00290763
0.00257213
0.0027958
0.00301946
0.0027958
0.0027958
0.00290763
0.00313129
0.00313129
0.00301946
0.00290763
0.00290763
0.00290763
0.00313129
0.00301946
0.00301946
0.00313129
0.00402594
0.00592709
0.00771639
0.0095057
0.0107359
0.0108477
0.0107359
0.010624
0.00905838
0.00905838
0.0095057
0.0095057
0.0102885
0.0098412
0.0102885
0.00972937
0.00872288
0.00637441
0.00436144
0.00559159
0.00648624
0.00648624
0.00447327
0.00268396
0.00268396
0.00268396
0.00268396
0.00268396
0.00268396
0.0027958
0.00290763
0.00301946
0.00335495
0.0049206
0.0105122
0.0165511
0.0202416
0.0221427
0.0251622
0.0269515
0.0156565
0.00547976
0.00536793
0.00514426
0.00447327
0.00402594
0.00380228
0.00380228
0.00424961
0.00402594
0.00324312
0.00335495
0.00335495
0.0027958
0.00257213
0.0021248
0.00167748
0.00201297
0.00324312
0.011295
0.0303064
0.0420488
0.0426079
0.0443972
0.0438381
0.0422724
0.037911
0.0260568
0.0117423
0.00469694
0.00447327
0.00324312
0.00156565
0.00905838
0.027958
0.0402594
0.0337732
0.0152091
0.00413778
0.00402594
0.00480877
0.00424961
0.00324312
0.00324312
0.00290763
0.0024603
0.00402594
0.00424961
0.00301946
0.00447327
0.00592709
0.0045851
0.00547976
0.00525609
0.00335495
0.00547976
0.00749273
0.0070454
0.00794006
0.00861105
0.0098412
0.010624
0.0108477
0.011966
0.0123015
0.0128607
0.0131962
0.0125252
0.0129725
0.0145381
0.0149855
0.0131962
0.0124133
0.0135316
0.0128607
0.0127488
0.0140908
0.0155446
0.0138671
0.0123015
0.0143145
0.0149855
0.0128607
0.0118542
0.0116305
0.0118542
0.0110713
0.011295
0.0128607
0.0117423
0.0130843
0.0185641
0.0218072
0.0216954
0.0210244
0.011295
0.00335495
0.00581525
0.00816372
0.00838739
0.00693357
0.00648624
0.00771639
0.00872288
0.00894654
0.00939387
0.00861105
0.00603892
0.00782823
0.013308
0.0176694
0.0173339
0.0128607
0.0073809
0.00413778
0.00369045
0.00357862
0.00447327
0.00570342
0.00726907
0.00559159
0.00391411
0.00782823
0.0164393
0.0202416
0.0190114
0.0193469
0.0118542
0.00391411
0.00380228
0.00436144
0.00536793
0.00581525
0.00570342
0.00536793
0.00514426
0.00536793
0.00469694
0.00380228
0.00290763
0.00201297
0.00178931
0.00201297
0.00715724
0.0296354
0.0369045
0.0150973
0.00514426
0.00693357
0.00760456
0.00894654
0.0100649
0.0102885
0.0104004
0.011295
0.011966
0.0117423
0.0114068
0.0108477
0.0101767
0.0100649
0.0100649
0.00939387
0.00905838
0.00917021
0.00905838
0.00872288
0.00861105
0.00917021
0.00827555
0.00626258
0.00514426
0.00603892
0.00592709
0.00413778
0.00402594
0.0098412
0.0181168
0.021919
0.0235965
0.0173339
0.0100649
0.0108477
0.00995303
0.00794006
0.00805189
0.00917021
0.00861105
0.00827555
0.00883471
0.00816372
0.00872288
0.0073809
0.00816372
0.0107359
0.0108477
0.0101767
0.0101767
0.0108477
0.0101767
0.00995303
0.0109595
0.0109595
0.0107359
0.010624
0.0101767
0.0105122
0.0116305
0.0114068
0.0105122
0.00961754
0.00905838
0.00928204
0.0129725
0.0115187
0.00547976
0.00380228
0.00335495
0.00324312
0.00301946
0.0027958
0.00626258
0.0168866
0.0267278
0.0267278
0.0215835
0.0114068
0.00357862
0.00357862
0.00346679
0.00313129
0.00380228
0.00380228
0.00301946
0.0027958
0.00357862
0.00357862
0.00268396
0.0027958
0.00268396
0.00201297
0.0024603
0.011295
0.015321
0.00883471
0.00760456
0.0098412
0.010624
0.00849922
0.00536793
0.00391411
0.00637441
0.0100649
0.0111832
0.00726907
0.00480877
0.00693357
0.00838739
0.00872288
0.00861105
0.00905838
0.00626258
0.0027958
0.00301946
0.00648624
0.0107359
0.0121897
0.0118542
0.011295
0.0110713
0.010624
0.0104004
0.00861105
0.00603892
0.0045851
0.00469694
0.00570342
0.00670991
0.00715724
0.00637441
0.00592709
0.00626258
0.00693357
0.0073809
0.00637441
0.00670991
0.00861105
0.00939387
0.0107359
0.011295
0.011295
0.0115187
0.011295
0.0121897
0.0121897
0.0118542
0.0124133
0.0123015
0.0118542
0.0100649
0.0142026
0.0204652
0.0186759
0.0165511
0.0116305
0.00592709
0.00436144
0.00436144
0.00335495
0.00402594
0.00771639
0.00928204
0.00849922
0.00805189
0.00782823
0.00659808
0.00503243
0.00615075
0.0117423
0.0174458
0.0181168
0.0105122
0.0073809
0.0104004
0.0100649
0.0098412
0.00805189
0.00514426
0.00346679
0.0027958
0.00234847
0.00447327
0.00670991
0.00536793
0.0027958
0.00178931
0.00167748
0.00335495
0.0196824
0.0313129
0.0161038
0.00369045
0.00413778
0.00301946
0.00402594
0.00536793
0.00391411
0.00357862
0.0049206
0.00413778
0.00480877
0.00805189
0.00749273
0.00715724
0.00749273
0.00726907
0.00715724
0.00559159
0.00290763
0.0027958
0.00928204
0.0177813
0.0221427
0.0240438
0.0190114
0.00794006
0.00290763
0.00301946
0.00357862
0.0116305
0.0223664
0.0253858
0.0240438
0.0181168
0.00917021
0.00436144
0.00369045
0.00346679
0.00268396
0.00178931
0.00190114
0.00190114
0.0024603
0.00391411
0.00917021
0.011295
0.00872288
0.0118542
0.0116305
0.00514426
0.00234847
0.00346679
0.00391411
0.00335495
0.0027958
0.0024603
0.00268396
0.00301946
0.00369045
0.00369045
0.00346679
0.00357862
0.00357862
0.00357862
0.0049206
0.00603892
0.00760456
0.00805189
0.00603892
0.00659808
0.00682174
0.00514426
0.00346679
0.0108477
0.0284053
0.0376873
0.036569
0.0303064
0.0145381
0.00693357
0.0101767
0.00995303
0.00972937
0.00939387
0.00872288
0.00827555
0.00827555
0.00827555
0.00917021
0.00928204
0.00816372
0.00726907
0.00749273
0.00782823
0.00726907
0.00805189
0.00917021
0.00861105
0.0116305
0.0114068
0.0105122
0.0124133
0.0110713
0.0100649
0.0110713
0.0140908
0.0142026
0.0120778
0.0123015
0.00760456
0.00313129
0.00402594
0.00424961
0.00301946
0.0110713
0.0287408
0.0295236
0.0167748
0.00838739
0.00357862
0.0024603
0.00257213
0.00290763
0.0027958
0.00380228
0.0138671
0.0324312
0.0361217
0.0187877
0.00782823
0.00670991
0.00436144
0.00335495
0.00290763
0.0021248
0.00190114
0.00514426
0.0196824
0.0360098
0.0426079
0.0414896
0.0386938
0.0290763
0.0115187
0.00536793
0.00726907
0.00771639
0.00570342
0.00581525
0.00894654
0.00849922
0.00603892
0.00380228
0.00413778
0.00670991
0.00782823
0.00838739
0.0098412
0.00816372
0.00682174
0.0073809
0.0073809
0.00782823
0.00849922
0.0111832
0.0121897
0.0117423
0.0129725
0.0137553
0.0144263
0.0131962
0.00894654
0.00939387
0.0102885
0.00883471
0.0104004
0.0123015
0.0117423
0.0120778
0.0124133
0.0136435
0.013979
0.0117423
0.0128607
0.0131962
0.0138671
0.0137553
0.013308
0.013979
0.0134198
0.012637
0.011966
0.0130843
0.0149855
0.0128607
0.0109595
0.0129725
0.0143145
0.0121897
0.011295
0.0129725
0.0138671
0.0120778
0.0118542
0.0131962
0.0135316
0.0129725
0.0135316
0.0142026
0.013308
0.0124133
0.0123015
0.0117423
0.0111832
0.0116305
0.011295
0.0117423
0.012637
0.0120778
0.0130843
0.0135316
0.0135316
0.0161038
0.0165511
0.012637
0.00693357
0.00313129
0.00592709
0.00928204
0.0100649
0.0110713
0.00872288
0.00615075
0.00480877
0.00782823
0.0135316
0.0164393
0.0165511
0.0100649
0.00335495
0.00234847
0.0024603
0.00234847
0.00301946
0.00391411
0.00547976
0.00547976
0.00369045
0.00290763
0.00346679
0.00469694
0.00503243
0.00469694
0.00380228
0.00436144
0.00603892
0.00570342
0.00503243
0.00816372
0.00827555
0.00480877
0.00357862
0.00324312
0.00391411
0.00380228
0.00391411
0.00525609
0.00771639
0.00939387
0.00794006
0.00503243
0.00324312
0.00223664
0.00156565
0.00178931
0.011295
0.0202416
0.0111832
0.00447327
0.00648624
0.00648624
0.00514426
0.00514426
0.00547976
0.0049206
0.00514426
0.00436144
0.00503243
0.00480877
0.0027958
0.00324312
0.00346679
0.00290763
0.00268396
0.0027958
0.00301946
0.00369045
0.00380228
0.00380228
0.00391411
0.00503243
0.00447327
0.00380228
0.00480877
0.00570342
0.00525609
0.00469694
0.00570342
0.00536793
0.00615075
0.00693357
0.00603892
0.00581525
0.00413778
0.00413778
0.00626258
0.00659808
0.00626258
0.00872288
0.00827555
0.00603892
0.00782823
0.00771639
0.00861105
0.0104004
0.0101767
0.00972937
0.00905838
0.00939387
0.00928204
0.00849922
0.0109595
0.0123015
0.0116305
0.0108477
0.0111832
0.0117423
0.0102885
0.0131962
0.0150973
0.0140908
0.0149855
0.0150973
0.0120778
0.0124133
0.0203534
0.0258331
0.023932
0.0135316
0.00413778
0.00536793
0.00872288
0.00827555
0.00615075
0.00648624
0.00771639
0.00883471
0.00905838
0.00861105
0.00794006
0.00525609
0.0049206
0.0117423
0.0194587
0.0201297
0.0178931
0.0177813
0.0108477
0.00357862
0.00413778
0.00391411
0.00402594
0.0045851
0.0049206
0.00514426
0.00503243
0.00447327
0.00391411
0.00380228
0.00313129
0.0166629
0.0354507
0.033885
0.0150973
0.00391411
0.00726907
0.00972937
0.00928204
0.00905838
0.0095057
0.00995303
0.00894654
0.00749273
0.00659808
0.00570342
0.00637441
0.00917021
0.00838739
0.00469694
0.00335495
0.00313129
0.00648624
0.00995303
0.0104004
0.0109595
0.0110713
0.00615075
0.00268396
0.00503243
0.00771639
0.00827555
0.00816372
0.00760456
0.00682174
0.00682174
0.00637441
0.00559159
0.00603892
0.00615075
0.00592709
0.00592709
0.00503243
0.0045851
0.00469694
0.00559159
0.0073809
0.00838739
0.00894654
0.0098412
0.0104004
0.0110713
0.0108477
0.00861105
0.00849922
0.0109595
0.0114068
0.010624
0.0138671
0.00995303
0.00335495
0.00357862
0.00592709
0.00861105
0.00693357
0.00592709
0.00715724
0.00794006
0.00849922
0.00771639
0.00570342
0.00469694
0.0049206
0.00603892
0.00726907
0.00726907
0.00670991
0.00682174
0.00749273
0.00592709
0.00682174
0.00849922
0.00749273
0.00726907
0.00648624
0.00469694
0.00391411
0.00391411
0.00369045
0.00301946
0.0021248
0.00268396
0.00369045
0.00402594
0.00369045
0.00391411
0.00413778
0.00380228
0.00301946
0.00268396
0.00335495
0.00335495
0.00335495
0.00436144
0.00469694
0.0045851
0.00346679
0.00301946
0.00301946
0.0027958
0.00313129
0.00436144
0.00749273
0.00715724
0.00436144
0.00324312
0.00290763
0.00324312
0.00413778
0.00480877
0.00503243
0.0049206
0.00380228
0.0024603
0.00201297
0.0021248
0.00369045
0.00849922
0.0138671
0.0191232
0.0203534
0.0147618
0.00749273
0.00447327
0.00447327
0.00380228
0.00346679
0.00301946
0.00257213
0.0021248
0.0024603
0.00290763
0.00290763
0.0024603
0.00201297
0.00290763
0.00335495
0.00369045
0.00313129
0.00190114
0.00201297
0.00190114
0.00223664
0.00290763
0.00324312
0.00324312
0.00447327
0.00861105
0.0135316
0.0161038
0.0169984
0.0169984
0.0178931
0.0182286
0.0110713
0.00626258
0.00626258
0.00615075
0.0070454
0.00536793
0.00659808
0.00894654
0.0095057
0.0095057
0.00771639
0.00827555
0.00972937
0.00972937
0.00849922
0.00693357
0.00838739
0.0102885
0.011295
0.0107359
0.0108477
0.0111832
0.013308
0.0128607
0.0101767
0.0110713
0.0116305
0.0117423
0.0115187
0.0117423
0.0117423
0.0117423
0.0120778
0.0111832
0.0104004
0.010624
0.0114068
0.0115187
0.0104004
0.00961754
0.0104004
0.0115187
0.0115187
0.0111832
0.010624
0.0104004
0.0105122
0.0095057
0.00816372
0.00872288
0.00816372
0.00838739
0.0101767
0.0115187
0.0115187
0.00670991
0.00313129
0.00324312
0.00436144
0.0045851
0.00380228
0.00413778
0.00413778
0.00413778
0.00715724
0.0110713
0.0117423
0.00827555
0.00503243
0.00391411
0.00447327
0.0108477
0.0145381
0.0116305
0.00615075
0.00290763
0.0027958
0.00447327
0.00693357
0.00905838
0.0095057
0.00648624
0.00514426
0.00581525
0.00648624
0.00816372
0.00917021
0.00849922
0.00670991
0.0045851
0.00480877
0.0100649
0.0148736
0.0150973
0.0143145
0.00861105
0.00424961
0.00380228
0.0024603
0.00469694
0.00883471
0.0100649
0.00961754
0.0104004
0.010624
0.00939387
0.00637441
0.00413778
0.00380228
0.00391411
0.00369045
0.00357862
0.00380228
0.00615075
0.0172221
0.0275106
0.0294118
0.0295236
0.0289644
0.0211362
0.00816372
0.0027958
0.00290763
0.00346679
0.0154328
0.0336614
0.0402594
0.0408186
0.0370163
0.0177813
0.00335495
0.00380228
0.00525609
0.0152091
0.0324312
0.0443972
0.0484232
0.0480877
0.0455155
0.0433907
0.0242675
0.00592709
0.00626258
0.00536793
0.00402594
0.00335495
0.00301946
0.00301946
0.00357862
0.00559159
0.00782823
0.00637441
0.00603892
0.00749273
0.0070454
0.00760456
0.00760456
0.00447327
0.0021248
0.00201297
0.00190114
0.00324312
0.00547976
0.00413778
0.00380228
0.00469694
0.00592709
0.00592709
0.00447327
0.00380228
0.00514426
0.00626258
0.00659808
0.00648624
0.00514426
0.00592709
0.00693357
0.00659808
0.0070454
0.0111832
0.015321
0.0135316
0.0161038
0.0200179
0.0107359
0.00257213
0.0027958
0.00290763
0.00234847
0.00201297
0.00402594
0.00749273
0.00816372
0.00805189
0.00726907
0.00413778
0.00424961
0.00816372
0.0128607
0.0171103
0.0183404
0.0125252
0.00525609
0.00592709
0.00849922
0.00782823
0.00480877
0.00223664
0.0024603
0.00794006
0.0235965
0.0401476
0.0430552
0.0380228
0.0285171
0.0117423
0.00290763
0.00469694
0.00603892
0.00637441
0.00626258
0.00525609
0.00335495
0.0024603
0.0021248
0.00190114
0.00190114
0.0021248
0.0027958
0.00301946
0.0027958
0.00268396
0.00257213
0.0024603
0.0027958
0.00346679
0.00357862
0.00313129
0.0027958
0.00268396
0.00268396
0.00268396
0.00301946
0.00760456
0.0134198
0.0150973
0.0171103
0.0190114
0.0165511
0.0123015
0.00872288
0.00749273
0.0073809
0.00827555
0.00883471
0.00670991
0.00827555
0.0114068
0.0101767
0.00872288
0.00861105
0.00805189
0.00805189
0.00894654
0.00894654
0.00894654
0.0104004
0.0109595
0.0114068
0.0107359
0.0102885
0.0110713
0.0116305
0.011295
0.0111832
0.0115187
0.011295
0.0111832
0.0116305
0.011966
0.011966
0.0120778
0.0123015
0.0127488
0.0128607
0.0140908
0.013979
0.013308
0.0140908
0.0127488
0.0109595
0.01465
0.0186759
0.0164393
0.00883471
0.00313129
0.00648624
0.0211362
0.0347797
0.0397003
0.0275106
0.00838739
0.00346679
0.00380228
0.00380228
0.00369045
0.00324312
0.0024603
0.00290763
0.00257213
0.00167748
0.00178931
0.00190114
0.00190114
0.00190114
0.00324312
0.00335495
0.00290763
0.00883471
0.0144263
0.0171103
0.0164393
0.0105122
0.00592709
0.00357862
0.00301946
0.00391411
0.00402594
0.00301946
0.0027958
0.00268396
0.00290763
0.00335495
0.00346679
0.00290763
0.00257213
0.0024603
0.00268396
0.0027958
0.00268396
0.00257213
0.00268396
0.0027958
0.00324312
0.00357862
0.00536793
0.0117423
0.0173339
0.0178931
0.0163274
0.0135316
0.00749273
0.00290763
0.00369045
0.00413778
0.00357862
0.00335495
0.00301946
0.00223664
0.00190114
0.00178931
0.00268396
0.00380228
0.00357862
0.00380228
0.00391411
0.00301946
0.0024603
0.0024603
0.00637441
0.00637441
0.00268396
0.00313129
0.00335495
0.00369045
0.00335495
0.00234847
0.00178931
0.00145381
0.00156565
0.00178931
0.00223664
0.00380228
0.00525609
0.00424961
0.00380228
0.00670991
0.0102885
0.0114068
0.0108477
0.00939387
0.0073809
0.00547976
0.00525609
0.00559159
0.00603892
0.00547976
0.00536793
0.00592709
0.00436144
0.0049206
0.00626258
0.00570342
0.00670991
0.0073809
0.0098412
0.012637
0.0110713
0.0108477
0.0125252
0.0260568
0.0428316
0.0411541
0.0373518
0.039924
0.0263923
0.00805189
0.00469694
0.00436144
0.00570342
0.00559159
0.00447327
0.0049206
0.00547976
0.00547976
0.00626258
0.00670991
0.00536793
0.00424961
0.00313129
0.00190114
0.00156565
0.00145381
0.00816372
0.0149855
0.0100649
0.00413778
0.00324312
0.0027958
0.0027958
0.00313129
0.00324312
0.00301946
0.00290763
0.00357862
0.00469694
0.00581525
0.00570342
0.00581525
0.00726907
0.00838739
0.00794006
0.00715724
0.00615075
0.0049206
0.00682174
0.0101767
0.0102885
0.00995303
0.010624
0.0104004
0.00805189
0.00726907
0.0111832
0.0128607
0.012637
0.0135316
0.0128607
0.012637
0.0138671
0.0128607
0.011966
0.011966
0.0109595
0.0100649
0.010624
0.0104004
0.0108477
0.0124133
0.0104004
0.00883471
0.0117423
0.0129725
0.0125252
0.0135316
0.01465
0.0123015
0.0125252
0.0123015
0.0130843
0.0147618
0.0114068
0.0120778
0.0129725
0.0110713
0.0123015
0.0125252
0.0107359
0.00939387
0.00939387
0.0105122
0.00972937
0.00961754
0.0104004
0.0108477
0.011295
0.0118542
0.011295
0.011295
0.0114068
0.0114068
0.0116305
0.0114068
0.0108477
0.0108477
0.0114068
0.0111832
0.0118542
0.0117423
0.0116305
0.0123015
0.0114068
0.0110713
0.0117423
0.0100649
0.0098412
0.0165511
0.0192351
0.0107359
0.00346679
0.00301946
0.00313129
0.00290763
0.00301946
0.00313129
0.00335495
0.00436144
0.00469694
0.00413778
0.00313129
0.00190114
0.00178931
0.0021248
0.00436144
0.00592709
0.00726907
0.00872288
0.00760456
0.00872288
0.0100649
0.00749273
0.00559159
0.00447327
0.00324312
0.00290763
0.00301946
0.00346679
0.00413778
0.00615075
0.00715724
0.00726907
0.00670991
0.00436144
0.00346679
0.00324312
0.00301946
0.00290763
0.0027958
0.00369045
0.00648624
0.0070454
0.00469694
0.00424961
0.0070454
0.0101767
0.00961754
0.0073809
0.00436144
0.00447327
0.0187877
0.0335495
0.0339969
0.0181168
0.00592709
0.00883471
0.00972937
0.00838739
0.00547976
0.00313129
0.00223664
0.00190114
0.00190114
0.00447327
0.0169984
0.0280698
0.0263923
0.023261
0.0176694
0.00827555
0.00503243
0.00469694
0.00335495
0.00313129
0.00335495
0.00346679
0.0045851
0.00503243
0.00469694
0.00536793
0.00536793
0.00402594
0.00380228
0.00503243
0.00794006
0.0101767
0.0110713
0.012637
0.0120778
0.0111832
0.012637
0.0142026
0.0152091
0.015321
0.0143145
0.012637
0.0101767
0.0107359
0.0105122
0.0242675
0.0383583
0.0209125
0.00693357
0.00872288
0.00626258
0.00447327
0.0124133
0.025945
0.0257213
0.0233728
0.0289644
0.0305301
0.0288526
0.0214717
0.00905838
0.00380228
0.00469694
0.00357862
0.00234847
0.00178931
0.00190114
0.00178931
0.00190114
0.00301946
0.00559159
0.00659808
0.00726907
0.00771639
0.00603892
0.00570342
0.0070454
0.00659808
0.00648624
0.00838739
0.0102885
0.00872288
0.00480877
0.00301946
0.00436144
0.00570342
0.00536793
0.00424961
0.00413778
0.00592709
0.00760456
0.00838739
0.00816372
0.00782823
0.00782823
0.00626258
0.00436144
0.00503243
0.00648624
0.00682174
0.00670991
0.00525609
0.00324312
0.00268396
0.00335495
0.00480877
0.00547976
0.00648624
0.0070454
0.00682174
0.00469694
0.00447327
0.0101767
0.0163274
0.0183404
0.0177813
0.0185641
0.0222545
0.0243793
0.0233728
0.0206889
0.011966
0.00424961
0.00290763
0.00301946
0.00369045
0.00357862
0.00391411
0.00480877
0.00525609
0.00436144
0.00335495
0.00380228
0.00436144
0.00503243
0.00536793
0.0045851
0.00447327
0.00480877
0.00570342
0.00637441
0.00659808
0.0070454
0.00514426
0.00592709
0.00816372
0.00794006
0.00670991
0.00782823
0.00928204
0.00861105
0.00905838
0.0105122
0.0155446
0.0157683
0.0130843
0.0134198
0.0125252
0.0124133
0.00995303
0.00816372
0.00905838
0.00838739
0.00436144
0.00190114
0.00626258
0.0163274
0.0167748
0.00715724
0.00301946
0.0027958
0.00301946
0.00346679
0.00290763
0.00514426
0.0107359
0.00872288
0.00369045
0.00335495
0.00335495
0.00313129
0.0027958
0.00324312
0.00436144
0.00447327
0.0049206
0.00749273
0.00972937
0.0098412
0.00838739
0.00805189
0.00615075
0.00480877
0.011966
0.0209125
0.021919
0.0114068
0.0045851
0.00794006
0.00917021
0.00838739
0.0073809
0.00547976
0.00324312
0.00424961
0.0111832
0.0157683
0.00972937
0.00391411
0.00357862
0.00346679
0.00313129
0.00234847
0.00257213
0.00402594
0.00424961
0.00570342
0.00838739
0.00682174
0.00324312
0.00447327
0.0231492
0.038582
0.0377992
0.0331022
0.0174458
0.0073809
0.00928204
0.00939387
0.00816372
0.00503243
0.00257213
0.00201297
0.00156565
0.00167748
0.00234847
0.00335495
0.00503243
0.00402594
0.00234847
0.00301946
0.00290763
0.00268396
0.00257213
0.00268396
0.00268396
0.00301946
0.00324312
0.00268396
0.00313129
0.00391411
0.00346679
0.00268396
0.00357862
0.00413778
0.00357862
0.00570342
0.00861105
0.00872288
0.00872288
0.00861105
0.00905838
0.00928204
0.0098412
0.0108477
0.0109595
0.0118542
0.0121897
0.0111832
0.0111832
0.0115187
0.0108477
0.0102885
0.0100649
0.0098412
0.00995303
0.0104004
0.0098412
0.00894654
0.00883471
0.00883471
0.00939387
0.0101767
0.00928204
0.0102885
0.0111832
0.00995303
0.00794006
0.0045851
0.00335495
0.00324312
0.00346679
0.00402594
0.00391411
0.00380228
0.00603892
0.00760456
0.00760456
0.00905838
0.0110713
0.011966
0.0121897
0.0124133
0.0124133
0.0125252
0.0115187
0.0070454
0.00313129
0.00268396
0.012637
0.0313129
0.0366808
0.0199061
0.00547976
0.00659808
0.00827555
0.00570342
0.00301946
0.00346679
0.0138671
0.0337732
0.0412659
0.0366808
0.0395885
0.0433907
0.0413778
0.0234847
0.0070454
0.00771639
0.00525609
0.00324312
0.0101767
0.0183404
0.0216954
0.0197942
0.0098412
0.00402594
0.00503243
0.00413778
0.00380228
0.00413778
0.00424961
0.00503243
0.00547976
0.00682174
0.00693357
0.00514426
0.00301946
0.00178931
0.00547976
0.0222545
0.0357862
0.0326549
0.0165511
0.00301946
0.00178931
0.00268396
0.00335495
0.0027958
0.00257213
0.00257213
0.00324312
0.00380228
0.00413778
0.00525609
0.00559159
0.00525609
0.00570342
0.00570342
0.00760456
0.00883471
0.00469694
0.0021248
0.00257213
0.00223664
0.00190114
0.00190114
0.00335495
0.00592709
0.00559159
0.00391411
0.00346679
0.00335495
0.00324312
0.00391411
0.0073809
0.0110713
0.00894654
0.00480877
0.00335495
0.0073809
0.0233728
0.0381346
0.0367927
0.0200179
0.00648624
0.00682174
0.00827555
0.00670991
0.00447327
0.00726907
0.0159919
0.0209125
0.0196824
0.0142026
0.00626258
0.00290763
0.00268396
0.00268396
0.00917021
0.0161038
0.0186759
0.0218072
0.0196824
0.00961754
0.00581525
0.00749273
0.00559159
0.00324312
0.00178931
0.0024603
0.00301946
0.00223664
0.00424961
0.00715724
0.00782823
0.00961754
0.0102885
0.00939387
0.00760456
0.0049206
0.00402594
0.00391411
0.00357862
0.00436144
0.00726907
0.00872288
0.0095057
0.00972937
0.00849922
0.0073809
0.00670991
0.00592709
0.00480877
0.00469694
0.00525609
0.00514426
0.00615075
0.00648624
0.00648624
0.00782823
0.00805189
0.00760456
0.00659808
0.0073809
0.00917021
0.00995303
0.00995303
0.00961754
0.0104004
0.00995303
0.00894654
0.00928204
0.00995303
0.00816372
0.0045851
0.00335495
0.00369045
0.00290763
0.00301946
0.0027958
0.00190114
0.00190114
0.00234847
0.00324312
0.00380228
0.00413778
0.00324312
0.00201297
0.00324312
0.00402594
0.00257213
0.00178931
0.00190114
0.0137553
0.0318721
0.0298591
0.012637
0.00413778
0.00346679
0.00201297
0.00178931
0.00190114
0.00223664
0.00413778
0.00536793
0.00369045
0.00402594
0.00559159
0.00503243
0.00447327
0.00469694
0.00480877
0.00424961
0.00324312
0.00301946
0.00324312
0.00313129
0.0024603
0.00547976
0.024603
0.0413778
0.0403713
0.0334377
0.0157683
0.00369045
0.00592709
0.00480877
0.0024603
0.00257213
0.00391411
0.00424961
0.00402594
0.00514426
0.00447327
0.00268396
0.00268396
0.0183404
0.0354507
0.0414896
0.046522
0.0467457
0.0447327
0.0298591
0.0100649
0.00380228
0.0027958
0.00301946
0.00313129
0.00313129
0.00313129
0.00346679
0.00357862
0.00313129
0.00503243
0.00816372
0.00682174
0.00637441
0.00905838
0.00816372
0.00693357
0.00581525
0.00413778
0.00536793
0.00559159
0.00503243
0.00659808
0.00570342
0.00369045
0.00536793
0.00749273
0.00615075
0.00514426
0.00525609
0.00637441
0.00883471
0.00883471
0.00883471
0.0104004
0.0109595
0.011966
0.0127488
0.0117423
0.0117423
0.0129725
0.012637
0.0134198
0.0127488
0.0110713
0.0110713
0.0114068
0.0116305
0.0115187
0.0116305
0.0120778
0.0114068
0.0123015
0.0129725
0.012637
0.0120778
0.0123015
0.0134198
0.0138671
0.0125252
0.010624
0.0107359
0.0108477
0.0110713
0.0110713
0.011295
0.0124133
0.0128607
0.0118542
0.011966
0.0127488
0.012637
0.0124133
0.0120778
0.0114068
0.0115187
0.0120778
0.0121897
0.00917021
0.0107359
0.0131962
0.010624
0.00917021
0.00995303
0.0117423
0.00961754
0.00648624
0.00514426
0.00380228
0.00223664
0.00156565
0.00257213
0.0134198
0.0317602
0.0411541
0.038582
0.0327667
0.0167748
0.00413778
0.00413778
0.00290763
0.00268396
0.00335495
0.00335495
0.00380228
0.00581525
0.00715724
0.00726907
0.00715724
0.0070454
0.00503243
0.0027958
0.00615075
0.0120778
0.0149855
0.0159919
0.0157683
0.0172221
0.0205771
0.0218072
0.0164393
0.00760456
0.00547976
0.00726907
0.0070454
0.00726907
0.00682174
0.00514426
0.00592709
0.00715724
0.0073809
0.00794006
0.00805189
0.00693357
0.00682174
0.00816372
0.00805189
0.00838739
0.0095057
0.0101767
0.0109595
0.011295
0.0110713
0.0123015
0.0125252
0.011295
0.0114068
0.0117423
0.0115187
0.0111832
0.0108477
0.0100649
0.00939387
0.00849922
0.00816372
0.00838739
0.00961754
0.00972937
0.00536793
0.00268396
0.00313129
0.00313129
0.00313129
0.00324312
0.00402594
0.0101767
0.0218072
0.027958
0.0269515
0.0240438
0.0148736
0.00648624
0.00827555
0.00939387
0.00547976
0.00369045
0.00883471
0.0152091
0.013979
0.00749273
0.00447327
0.00715724
0.00861105
0.00615075
0.00335495
0.00234847
0.00223664
0.00223664
0.00525609
0.00637441
0.00782823
0.0109595
0.011295
0.0118542
0.00939387
0.0045851
0.00559159
0.0175576
0.0322076
0.0390293
0.027958
0.0104004
0.0045851
0.00369045
0.00335495
0.00469694
0.00782823
0.00872288
0.0073809
0.0070454
0.0070454
0.00670991
0.00682174
0.00872288
0.00883471
0.00682174
0.00905838
0.0178931
0.0200179
0.0102885
0.00682174
0.00972937
0.00939387
0.00715724
0.00436144
0.00324312
0.00301946
0.00290763
0.00335495
0.00536793
0.00726907
0.00749273
0.00592709
0.00424961
0.00391411
0.00648624
0.00972937
0.0101767
0.00972937
0.00715724
0.00424961
0.0027958
0.00190114
0.00301946
0.00436144
0.0045851
0.00603892
0.00637441
0.0045851
0.00290763
0.00346679
0.0143145
0.0273988
0.0233728
0.0127488
0.00581525
0.00469694
0.00726907
0.00670991
0.00514426
0.00402594
0.00391411
0.0045851
0.00391411
0.00234847
0.00626258
0.027287
0.0439499
0.0429434
0.0418251
0.026616
0.00838739
0.00346679
0.00178931
0.00190114
0.00178931
0.00178931
0.00178931
0.00514426
0.0154328
0.0223664
0.0196824
0.0144263
0.00749273
0.00268396
0.00290763
0.00648624
0.00972937
0.00794006
0.0045851
0.00290763
0.00324312
0.00357862
0.00335495
0.00313129
0.00346679
0.0049206
0.00581525
0.00480877
0.00480877
0.00514426
0.00369045
0.00324312
0.00380228
0.00357862
0.00436144
0.00525609
0.00469694
0.00469694
0.0098412
0.0101767
0.00861105
0.00849922
0.00514426
0.00726907
0.00805189
0.0104004
0.0155446
0.0158801
0.0127488
0.0114068
0.0107359
0.00872288
0.00928204
0.00827555
0.00872288
0.0109595
0.00995303
0.0108477
0.00782823
0.00324312
0.00346679
0.00357862
0.00335495
0.00290763
0.00603892
0.02259
0.0303064
0.015321
0.00447327
0.00536793
0.00771639
0.00838739
0.00849922
0.00592709
0.00380228
0.00436144
0.00670991
0.00827555
0.00715724
0.00547976
0.00424961
0.00436144
0.0049206
0.00648624
0.00637441
0.0049206
0.00436144
0.00324312
0.00268396
0.00290763
0.00369045
0.0138671
0.0240438
0.0224782
0.0171103
0.00827555
0.00313129
0.00413778
0.00402594
0.00290763
0.00335495
0.00436144
0.00603892
0.00626258
0.00503243
0.0045851
0.00413778
0.0101767
0.0150973
0.0098412
0.00424961
0.00324312
0.00480877
0.00480877
0.00536793
0.00615075
0.00480877
0.00369045
0.0024603
0.00234847
0.00805189
0.025945
0.0333259
0.0175576
0.00693357
0.00603892
0.0045851
0.00369045
0.00447327
0.00480877
0.00369045
0.00357862
0.00369045
0.00670991
0.00760456
0.00659808
0.00570342
0.00682174
0.0101767
0.00939387
0.00794006
0.00961754
0.010624
0.00917021
0.0098412
0.0108477
0.010624
0.0129725
0.0148736
0.0134198
0.0123015
0.0136435
0.0142026
0.0117423
0.0121897
0.013979
0.0145381
0.0124133
0.0114068
0.0129725
0.0144263
0.0143145
0.0136435
0.0135316
0.0149855
0.015321
0.0140908
0.0130843
0.0107359
0.0120778
0.0127488
0.0111832
0.0123015
0.0129725
0.0142026
0.0145381
0.0115187
0.0109595
0.0118542
0.011295
0.0114068
0.0125252
0.0127488
0.013308
0.0120778
0.0102885
0.0111832
0.0125252
0.0136435
0.0143145
0.0114068
0.00939387
0.0121897
0.0123015
0.0130843
0.0173339
0.0205771
0.0223664
0.0224782
0.0200179
0.0183404
0.0186759
0.0150973
0.00861105
0.00514426
0.00503243
0.0049206
0.00324312
0.0024603
0.00346679
0.00380228
0.0045851
0.00570342
0.00559159
0.00436144
0.00369045
0.00380228
0.00346679
0.00268396
0.00503243
0.0118542
0.0192351
0.0204652
0.0187877
0.0182286
0.0100649
0.00357862
0.00335495
0.00313129
0.00313129
0.00324312
0.00335495
0.00346679
0.00357862
0.00369045
0.00346679
0.00335495
0.00335495
0.00324312
0.00301946
0.00290763
0.00268396
0.0024603
0.00257213
0.0027958
0.00257213
0.00268396
0.00335495
0.00346679
0.00324312
0.00436144
0.00447327
0.00357862
0.00447327
0.00436144
0.0049206
0.00726907
0.00771639
0.00749273
0.00872288
0.0101767
0.00827555
0.00805189
0.010624
0.0114068
0.0111832
0.00917021
0.00559159
0.00301946
0.00290763
0.0027958
0.00257213
0.00268396
0.00268396
0.00257213
0.0027958
0.00335495
0.00313129
0.0027958
0.00335495
0.00827555
0.0143145
0.0162156
0.0154328
0.0152091
0.0149855
0.0095057
0.00402594
0.00436144
0.00547976
0.00447327
0.00335495
0.00335495
0.00391411
0.00391411
0.00391411
0.00536793
0.00670991
0.00749273
0.00905838
0.00827555
0.00682174
0.00603892
0.00469694
0.00402594
0.00290763
0.0024603
0.00313129
0.00424961
0.00424961
0.00324312
0.00335495
0.0049206
0.00503243
0.00436144
0.00424961
0.00782823
0.0115187
0.00917021
0.0108477
0.0135316
0.0111832
0.0104004
0.010624
0.010624
0.0109595
0.0117423
0.011295
0.0109595
0.0121897
0.0121897
0.0118542
0.0123015
0.0124133
0.011966
0.0118542
0.0121897
0.0140908
0.0145381
0.0120778
0.0109595
0.00972937
0.00615075
0.0049206
0.0073809
0.00816372
0.00726907
0.00726907
0.0070454
0.00514426
0.00670991
0.0116305
0.0159919
0.0171103
0.0163274
0.0159919
0.0098412
0.00559159
0.00547976
0.00380228
0.00391411
0.00536793
0.00480877
0.00402594
0.00391411
0.00447327
0.0163274
0.0346679
0.0316484
0.0131962
0.00760456
0.0095057
0.00883471
0.00816372
0.00749273
0.00659808
0.00615075
0.00626258
0.00715724
0.00726907
0.00469694
0.00346679
0.00402594
0.00357862
0.00313129
0.0027958
0.0027958
0.00234847
0.00525609
0.0118542
0.0191232
0.0224782
0.0150973
0.00805189
0.00547976
0.00346679
0.0049206
0.00648624
0.00794006
0.00995303
0.0109595
0.00972937
0.00827555
0.00648624
0.00514426
0.00469694
0.00301946
0.00201297
0.00167748
0.00301946
0.00480877
0.00581525
0.00469694
0.00693357
0.00861105
0.00525609
0.00480877
0.00547976
0.00682174
0.00648624
0.0049206
0.00726907
0.00928204
0.00670991
0.00369045
0.00514426
0.00782823
0.00760456
0.00939387
0.011295
0.00771639
0.00369045
0.0027958
0.00301946
0.00290763
0.00290763
0.00313129
0.00313129
0.00257213
0.0024603
0.00335495
0.0107359
0.0165511
0.0095057
0.00324312
0.00335495
0.00357862
0.00313129
0.0021248
0.00178931
0.00290763
0.00626258
0.0127488
0.0187877
0.0216954
0.0156565
0.0070454
0.00447327
0.00369045
0.00357862
0.00301946
0.00301946
0.00335495
0.00268396
0.0027958
0.00391411
0.00693357
0.00928204
0.0100649
0.0107359
0.0104004
0.0095057
0.00782823
0.00514426
0.00301946
0.00268396
0.0027958
0.00290763
0.00380228
0.00615075
0.00760456
0.00805189
0.00838739
0.00816372
0.00749273
0.00659808
0.00525609
0.0049206
0.00603892
0.00626258
0.00637441
0.00637441
0.00670991
0.00693357
0.00592709
0.00547976
0.00592709
0.00637441
0.00749273
0.00849922
0.00861105
0.00905838
0.0095057
0.0115187
0.0125252
0.0127488
0.0128607
0.0111832
0.011295
0.013308
0.0143145
0.0144263
0.0149855
0.0135316
0.0129725
0.0128607
0.0116305
0.0115187
0.0116305
0.0134198
0.0140908
0.0148736
0.0147618
0.011966
0.0121897
0.012637
0.0124133
0.0136435
0.01465
0.0142026
0.0125252
0.0135316
0.0145381
0.0127488
0.0115187
0.0135316
0.01465
0.0138671
0.01465
0.0161038
0.0161038
0.015321
0.0148736
0.015321
0.01465
0.0127488
0.0107359
0.0121897
0.0137553
0.0127488
0.0128607
0.0140908
